"Point est.","Upper C.I."
1.00119175136629,1.0041604039468
1.00061219968424,1.00175630122544
1.00006893863604,1.00033982223658
1.0020756523413,1.00401689804671
1.00027719653547,1.00132729898247
1.0002129105237,1.00108994042163
1.00299082527058,1.00947092734215
1.00073447773237,1.00360025898489
1.0012020505343,1.00488947804377
1.00053633253644,1.00149074188673
1.00215022552363,1.00789445904182
1.00023082947409,1.00101502888297
1.0001954850904,1.00019861501067
0.999985464857065,0.999990013510127
1.00006816179339,1.00029788796872
1.00022439947179,1.00106205763964
1.00046816289749,1.0022864827982
1.00053606655665,1.00201565070545
1.00001125866548,1.00012395055062
1.0004155285918,1.00155090529786
1.00005189119301,1.0002438304343
1.00002462331958,1.00011461779468
1.00026750729887,1.00034831265993
1.00007412651443,1.00030685227115
1.0000917123427,1.00045663039513
1.00003364579804,1.00024453538474
1.00001535640206,1.00013557122841
1.00025184352888,1.00029151929686
1.00052418604355,1.00268374590007
1.00032199279609,1.00126224671777
1.00006216798466,1.00039256354449
1.00009764380922,1.00009777173114
1.0001119250504,1.0003944309061
1.0002508366085,1.00027306641485
1.00043771441658,1.00227318037458
1.00081432420879,1.00406068656494
1.00045888844136,1.0020460819098
1.00038285013974,1.0014864630785
1.00041580806359,1.00191314082517
1.00034784460035,1.00172895683032
1.00066454293844,1.00067584996737
1.00044222903263,1.00228810779995
1.00007441312364,1.00045101742284
1.00033697920894,1.00048944499848
1.00013089845151,1.00013332259366
1.00000963365537,1.00003259545742
1.00001427012087,1.0000783930428
1.00027056047754,1.0006877102192
1.00043048833497,1.00188311950941
1.00009868464164,1.00035350220417
1.00023547269784,1.00097067944011
1.00015217411301,1.00079617831273
1.00009446961619,1.00015516330219
1.00016675151341,1.00075106020538
1.00008815238258,1.00009799701405
1.00005072334997,1.00015029129875
1.0004029489066,1.00122594306719
1.00004929945213,1.00032396880445
1.00007504738438,1.00016729750047
0.999995692156219,1.00003398531609
1.00084494440417,1.00396216835634
1.00001177236356,1.0000120145135
1.00004667298448,1.00021096916952
1.0000110584009,1.0001203623008
1.00132155902434,1.00653449593255
1.00252100192831,1.00800875949807
1.00013749876403,1.000248310902
0.999996482353571,1.0000512877105
0.999980582546675,0.999980769582152
1.00019304992532,1.00046793539746
1.00035921109403,1.00149889713039
1.00043043788499,1.00220686563439
1.00008053232725,1.00047772868716
1.00012533429157,1.00029048578737
1.00009876418495,1.00034301667213
1.00039206941114,1.0018892794066
1.00003728126895,1.00004167918677
1.00036870107734,1.00040684558588
1.00017344360124,1.00089174678013
1.0003112937617,1.00131039583604
1.00027773428466,1.00147305781406
1.00039263685116,1.00182002636929
1.00001031731687,1.00012539807462
1.00053922958546,1.00075036288059
1.0000490713954,1.00013994686808
1.00047268744669,1.00200693994328
1.00080052524915,1.00380079149123
0.999992468496829,1.00001042661204
1.00035046814214,1.00161509701481
1.00030661924778,1.00151136712044
1.00006743486075,1.00040194428236
1.00021792736977,1.00109184507404
1.00042372228081,1.0007910907121
1.00004296528674,1.00015895303226
1.00000112574173,1.00001107657851
1.00026279453658,1.00090897270591
1.0009522131167,1.00478498371952
1.00016237390078,1.00072636023593
0.999982041463849,0.999984159737536
1.00076308880144,1.00214539590522
1.00063088482778,1.00317798751995
1.00079196357586,1.00379036202551
1.00090510461688,1.00179363381693
1.00135359563578,1.00594751212327
1.00001849993634,1.00003831893785
1.00001773782244,1.0000430399003
1.00295759757945,1.01469150234763
1.0006544455725,1.00317857985712
1.00012678517887,1.00052758753757
1.00000498942184,1.00010370411858
1.00004058462448,1.00026075556558
1.00102342204884,1.00441005239674
1.00042718916964,1.00150372251262
1.00015599182093,1.0008612544699
1.00014312280294,1.00065571688421
1.00045375317978,1.00230364742882
1.00004343873398,1.00005705536889
1.00010050581868,1.00033005846748
1.00014356359367,1.00014463280316
1.00036294386507,1.00140001952325
1.00001374144991,1.00007052880779
1.00054690767973,1.00175799676703
1.00069930707526,1.0034308747218
1.00000452877698,1.00002275698527
1.00008028288803,1.00048123697206
1.00025586930645,1.00108698005236
1.00015876526932,1.00074876541633
1.00085398590117,1.00349429899473
1.00063489209451,1.00075585117302
1.00002536813022,1.00005278276438
1.00008684454106,1.00013105636028
1.00001662917166,1.00006067548962
1.00101289445092,1.00467063104711
1.00142322606895,1.0044809141513
1.00005066418214,1.00007743054378
1.00048967039602,1.0025269991447
1.00028575466178,1.00049303579983
1.00027964857823,1.00117426734842
1.00012895747496,1.00054259580189
1.00002720857534,1.00016567755186
1.00104389390668,1.004867869868
1.00005368041546,1.00034062481385
1.00041570257616,1.00213101217367
1.00003179312584,1.00010207231821
0.999998637964147,1.00005347276301
1.00032052965096,1.00155957620541
1.00039514229605,1.00061167343449
1.00089658242443,1.00382937229733
1.00008499870539,1.00030052714968
1.00068919180579,1.00259135201978
1.0005698436681,1.00063817563404
1.00001852944021,1.00007002057757
1.00014875402413,1.00037280951285
1.00016651239409,1.00087759671891
1.00012117690474,1.00055489145765
1.00007876258073,1.00042461908787
1.00005335112778,1.00007850751917
1.0006759021258,1.00330058610777
1.00002169862034,1.00018728449921
1.00145845373101,1.00729024572857
1.00039823711554,1.00041261225667
1.00022069167652,1.00118051135801
1.00005059662364,1.00007636908868
1.00025368129493,1.00061820599824
1.00042345284234,1.00155184236573
1.00010610901166,1.00054908864919
1.00003201025765,1.00007463520728
1.00000385824376,1.00009653869837
1.00011937584318,1.00021760508131
1.00000950557541,1.0000408646125
1.00024366346628,1.00059509268413
1.00004995752716,1.00031990212691
1.00139779514371,1.00644103088301
1.00029975288998,1.00030161693889
0.999983742820763,0.999991427070018
1.00007988183313,1.00031970279975
1.00016229211409,1.00019650506617
1.00004343245879,1.00028085082111
0.999995111269223,1.00005434193332
1.00068809754315,1.00320228692188
1.00049513468144,1.00226966002358
1.00029716538473,1.0013676747185
1.00023761128412,1.00126947908783
1.00113065579648,1.00415128128487
1.00037460365568,1.00176780048737
1.0004323362379,1.00157184002775
1.00038967631215,1.00168547563828
1.00057706675639,1.00271409967365
1.00134042263525,1.00592648846279
1.00035919556268,1.00071710043211
1.00198874710591,1.0085398665308
1.0001258485029,1.00014605525786
1.00015337648734,1.00054316693044
1.00019385063899,1.00100564707515
1.00012217301138,1.00015566623306
1.00064962129286,1.00065056558994
1.00003093488702,1.00015939552271
1.00087871335509,1.0041542606776
1.00075668414563,1.00243957297156
1.00133411690141,1.00640844919854
1.00005986751809,1.00036201071969
1.00009124653355,1.00053810415506
1.00285380480611,1.01248602755005
1.00049847596105,1.0008113067452
1.00003910360521,1.00027067764128
1.00060188040946,1.00308117707126
1.00034250524426,1.00120339243608
0.999992982092937,1.00004151024484
1.00010140001861,1.00047501335184
1.00010348899165,1.00058728796233
1.00531794405594,1.01210653940649
1.00015653738937,1.00082048886586
1.00010398214964,1.00048851852587
1.00018020865705,1.00055764007178
1.00027455501274,1.0012669758966
1.00026796323748,1.00123315823882
1.00047387718325,1.00047408111279
1.00000970506008,1.00002683615089
1.0000011380072,1.00000116589881
1.0018347282959,1.00263126369849
1.00018729226103,1.00100254819809
1.00004200384457,1.00026236781959
1.00003872153723,1.0000498765847
0.999980039268037,0.999980154705971
1.00019416940248,1.00087764314011
1.00029190196593,1.00067024926591
1.00015049886953,1.00015115176542
1.00026790377478,1.00067171558588
1.000970826757,1.00490681941186
1.00001933623258,1.00003387637014
1.00092545696912,1.00358142204714
0.999994272147981,0.999999289436273
1.00036169158691,1.00102901218108
1.00086222465659,1.00213952231501
1.00016813217797,1.00090985096125
1.00156177202109,1.00329935717539
1.00010087757315,1.00042973696215
1.00044513543512,1.00141730797162
1.00016477542676,1.00044149042223
1.00003087269228,1.00003350659337
1.00011291718604,1.00064181064387
1.00023148773669,1.0007062804428
1.00001078245526,1.00012390519738
1.0001548916028,1.00078276126203
1.00051361355834,1.00052240769176
1.00020992688381,1.00095554530646
1.0001070256938,1.00013139956586
1.00004264693089,1.00014131796346
0.999983824773217,0.999999205577284
1.00015407787149,1.00071630846167
1.00008856249697,1.00044006602894
1.00003200293389,1.00008295382319
1.00035772087396,1.00167216041738
1.00019109579411,1.00068445890453
1.0000530428457,1.00011322475397
1.00017435443739,1.00092857729836
0.999980451237325,0.999982066861701
1.00007898282086,1.00040947346581
1.00000368651476,1.00004226599214
1.00008818319532,1.00045866166428
1.00061304327811,1.00250909777213
1.0001222951653,1.00060980635554
1.00038241125171,1.00124954554046
1.00005726993809,1.00020870473327
1.00000096111094,1.00006960201695
1.00009834398997,1.00029788179489
1.0001557248144,1.00085110890865
1.00024983985963,1.00090168829997
1.0002770601004,1.00126586255615
1.00011873707312,1.00064969115856
0.999988318890216,1.00001339872034
0.999989626248416,1.00001599184347
1.00000449234062,1.00010014098416
1.00000700125105,1.00000812319514
1.00034347816479,1.00160707655082
1.00015919219023,1.00064489025743
1.0000890926867,1.00008910481084
1.00027977707632,1.00142366244586
1.00001150951704,1.00013620582849
1.00031704519444,1.00117095589011
1.00020856669101,1.00075941731588
1.00019147952432,1.00038131815662
1.00049322527096,1.00247320773894
1.0001511890699,1.00037777379894
1.00011927035535,1.00064650378521
1.00002205153387,1.00016827609336
1.00019699303129,1.00106854240375
1.00046760602169,1.00183970508871
1.00066745004605,1.00319687450186
1.00008391145843,1.00023138902293
1.00019756273761,1.0006155792692
1.0003293642281,1.0003355970241
1.00018523227195,1.00018967349737
1.00013777169527,1.00074364439871
1.00017195230493,1.00088311738984
1.00011716278674,1.00050514985951
1.00090392499473,1.00411321915757
1.00003600269137,1.00023236404251
1.00144915506904,1.00627246476842
1.00002649796795,1.00018971419544
1.00007427725742,1.00045145857987
1.00067832629372,1.00130557950891
1.00024199274045,1.00079693583232
1.00017803901249,1.00069052654632
1.00007896909537,1.00038138160866
1.00037547481289,1.00179857434145
1.00071938510265,1.00106586082383
1.00001436256038,1.00014430396144
0.999987802974776,1.00001209594442
1.00007770280089,1.00011086876007
1.00021650038262,1.0002643800648
1.00016040638614,1.00085814336406
1.00048974996203,1.00253322438961
1.0000901813776,1.00051120176981
1.00007961068732,1.00009321196042
1.00015710733432,1.0006439018226
1.00067710275189,1.0014400346002
1.00067753596329,1.00329440361129
1.00054818301181,1.00121530892065
1.00012377427535,1.00012377432053
1.00039144471855,1.00195130861193
1.00029487755742,1.00035405695875
0.999983509149209,0.99998443024068
0.999982660359769,0.999992851978849
1.00168272748079,1.00335979821506
1.00021880810959,1.00080047629183
1.00010709119484,1.00061755746028
1.00006013670732,1.00006350039237
0.999984822366472,0.999989790300604
0.999997344372917,1.00006711361302
1.00000370015499,1.00003615810788
1.00024420643001,1.00127156998727
1.0002629839034,1.00050720610274
1.00014353366653,1.00030230849893
1.00025855190197,1.00084696920988
1.00020431006781,1.00089308510748
1.00023894945931,1.00124369801033
1.00012388229739,1.00041792056416
1.00004506934186,1.00024811260876
1.0003279832735,1.00106534882364
1.00004393068183,1.00011909470818
1.00011028548892,1.00018566861105
1.00004168568311,1.00023743371866
1.00014821446209,1.00073946021677
1.00015132438153,1.00018794019149
1.00027427775942,1.00109354436606
1.00015179515194,1.00018516157406
1.00035418523892,1.00087532132049
1.00008806675973,1.00046722455606
1.00005526544613,1.00023227524204
0.999995476232415,0.999998934492464
1.00005025489363,1.00027434295627
1.00026509792783,1.00028073158591
1.00010644272478,1.00061011037724
1.0009128153423,1.00144395502055
0.999992565650651,1.00003175597158
1.00000682168992,1.00001666324091
1.00044089320643,1.00223105326795
1.00033997753103,1.00140191622781
1.00095087897758,1.00245750026502
1.0010546737883,1.00523365478382
1.00002283514576,1.00003533516857
1.00038091985297,1.00041148824328
1.00018438627914,1.00057670242569
1.00008676003173,1.00012181647343
1.00031264189124,1.0008932161146
1.00015227044671,1.0003169177065
1.00038227360335,1.0005235126321
1.00011061666923,1.00020883219787
1.00164085352544,1.00763300178533
1.0003921005635,1.00101167280107
1.00040941871709,1.00121284109634
1.00020785966843,1.00099565225835
1.00027650011023,1.00090652360506
1.00148373072523,1.00663192719293
1.0003592725515,1.00188159886273
1.00035559058778,1.00132017148389
1.00092061070897,1.00467312660757
1.00026016192866,1.00131822589914
1.00065258254874,1.00268592298803
1.00237350419125,1.00994836943045
1.00042999039772,1.00213819403819
1.00004252172461,1.00028096200536
1.0006508264178,1.00246289383083
0.999985433092226,0.999985701201109
1.00140437351507,1.00615020783959
1.00002710995327,1.00006284478713
1.00022109468531,1.0009846403619
1.00003865145165,1.00009782303094
1.00079812229633,1.00407261825006
1.00172837008682,1.00817322682535
1.00046085278615,1.00223500071465
1.00106358369218,1.00348035668936
1.00000724076359,1.00010327547355
1.00011158091426,1.0006247970231
1.00025406598409,1.00032300720707
1.00037481874953,1.00169724760635
1.0008031416918,1.00340002480431
1.00032537791945,1.00122151410857
1.00037526867996,1.00172914867839
0.999990756138237,0.999991611606813
1.00109480756944,1.00530571913723
1.0003726650182,1.00194514243711
1.00048395236201,1.00133708207339
1.00061627740587,1.00316282544103
1.00019932950385,1.00033183996517
1.00004529244538,1.00022914449545
1.00037128134294,1.00136567520692
1.00008507180472,1.00048269006879
1.00007262852326,1.00013035080881
1.00016276064983,1.00029861108853
1.00004402428406,1.00018381797592
1.00008447275108,1.00013830064601
1.00017431214688,1.00023431356966
1.00008342376586,1.00048791741476
1.00015591619943,1.00076244249133
1.00023924202969,1.00063849414866
1.0003718074085,1.00179316146812
1.00016542008908,1.00041810971443
1.00002895952733,1.00007593739384
1.00002977560148,1.00011717693179
1.00028930071717,1.00146359618812
1.00009834535672,1.00045531399478
1.0000739654622,1.00037416159107
1.00007228082203,1.00025457564245
1.00039383678321,1.00205387203781
1.00075731107398,1.00269390805807
1.00288230308977,1.00611378737686
1.00009688782744,1.00056559312624
1.00002490194296,1.00002563856329
0.999992888207248,1.00004133646798
1.00020352738578,1.00090993038224
1.00008571260376,1.00047046748533
1.00011032695133,1.00011171160759
1.00059325219848,1.00113007329861
0.999985177898671,0.999997223382022
1.00006444408434,1.00040317504707
1.000094058789,1.00015170839528
1.00000924140803,1.00001229351774
1.00003348750983,1.00004002219738
1.00022119523232,1.00058394581713
1.0000763088997,1.00024850306156
1.00022924522487,1.00051020005983
1.0000008872303,1.00000308324197
0.99999315437957,1.00003467809105
1.0003422036208,1.00073751588001
1.00005635803446,1.00036183203531
1.00010857550171,1.00015397643312
1.00003473029402,1.00006854555409
0.999990089428443,1.00001052736458
1.00010881615054,1.00061221625711
0.999999618588041,1.00002456663273
1.00000289927642,1.00008315471503
1.00043062809664,1.00218939365834
1.00006950113987,1.00042480711569
1.00026903854661,1.00142644255857
1.00023314254834,1.0006801921586
1.00046941020244,1.00239028750399
1.00059059361696,1.00299640273497
1.00031448947155,1.00145827372149
1.00041144147162,1.00092559272221
0.999991238792708,0.99999229038753
1.00023406722099,1.00030658940837
1.00003343809798,1.00017092917131
1.0001235052879,1.00058464102073
1.00007790217459,1.00041878237166
1.00003007282064,1.00012485787505
1.00037177820106,1.00187046759442
1.00009405160982,1.00023367561829
1.00123707421104,1.00487080694558
1.00025246090944,1.00123451674746
1.0005091477325,1.00233929372848
1.00134058868141,1.0064032230965
1.00042860906085,1.00175217544169
1.00052547281341,1.00245023349157
1.00021606438714,1.00082734547198
1.00038398394343,1.00174281208513
1.00005232854933,1.00014208539229
1.0003687513267,1.00181542353597
1.00076197484003,1.00385500885297
1.00086573461577,1.00422884304621
1.00193935477087,1.00969602967366
1.0000938895257,1.00042234345198
1.0000627606866,1.00027540950172
1.00050122349915,1.00189461534576
1.00003163129089,1.00020171421896
1.00050939529822,1.00262346773703
1.00039524689217,1.00048734202885
1.00070007557212,1.00348317370992
1.0005274789371,1.00250683045535
1.00006386934963,1.00021441180496
1.0000710816795,1.00010491010471
1.00001331170557,1.00002520753488
1.00061827222544,1.00157711281405
1.00012515156804,1.00013368911827
0.999985753165281,1.00000279848329
1.00046133459262,1.00188127784431
1.00040493269074,1.00199138925602
1.0000661874496,1.00025568366687
1.00053700720943,1.00267583694969
1.00063029703086,1.00312669634289
1.00089180776471,1.00297370258691
1.00013472176146,1.00013699593784
1.00010087466198,1.00029683401642
1.00002066525075,1.00006301858159
1.00041533926022,1.00126949637652
1.00103283756431,1.00465493819295
1.00009986864987,1.00032652989541
1.00024592749793,1.00056165695278
1.00046166292454,1.00237238647009
1.00035495523091,1.00088174134619
1.00031050918643,1.00119208531556
1.00003919451138,1.00027516709602
1.00063671630365,1.001592902268
1.0000499966112,1.00005423077321
1.00040013217336,1.00202228471294
1.00012102353345,1.00014133587504
1.00068372923873,1.00298888785139
1.00339422530575,1.01388430117418
1.00012322558305,1.00016074194313
1.00028819415284,1.00034572711299
1.00045275100415,1.0021690004536
1.0007206217098,1.0036463507324
1.00025967843839,1.00075491674472
1.00000238641254,1.00004913456998
1.00171578092346,1.00700387330952
0.999981983212616,0.999982039163928
1.00007334404216,1.000436805528
1.00027638846973,1.00068847158191
1.00010885008298,1.00011971019532
1.00048114292106,1.00169774016492
1.00007167009378,1.00007505687408
1.00002247276512,1.0000864535028
1.00013314255467,1.00051177873774
0.99999490631526,1.00005395908878
1.00040883761365,1.00043293753582
1.0000114068504,1.0001322387722
1.00003222859459,1.00017418827387
1.00071041054772,1.00210852651122
1.00310143266946,1.0119832450369
1.00032208127919,1.00162723398226
1.00012209229021,1.00047713796012
1.0005519786815,1.00256089722023
1.00003213965595,1.00016644218606
1.00029767671764,1.00063040030932
1.00005438269367,1.00017426950124
1.00037744452211,1.00085007707528
1.00055800919173,1.0028079149831
1.00047851070298,1.00075415462489
1.00008956562421,1.00010248393172
1.00013915543849,1.00013986044676
1.00045402671473,1.00049629860101
1.00100577316694,1.00271407102373
1.00020958636109,1.00079818955227
1.00069773478566,1.00204392723003
1.00010281360536,1.00037547780764
1.00005062043826,1.00016589666282
1.00010586939633,1.00058044962859
1.00098960976796,1.00502283281445
0.999997073472957,0.999998682868346
1.00041511097855,1.00167446565786
1.00115025414391,1.00274991803231
1.00001789473167,1.00010258435867
1.00070467587108,1.00290633331563
1.00046809858164,1.00228503493753
1.00081625861108,1.00332342456508
1.00005582798386,1.00022225015867
1.0001481796701,1.00082401300859
1.00002957750683,1.0002267949559
1.00000650238131,1.00001567243362
1.00059405492608,1.00249647585472
1.00048450389604,1.00112384567589
1.00031915372048,1.00164668298109
1.00008809811151,1.00046485250455
1.00070984712391,1.00185373429555
1.00007821222351,1.00022523501587
1.0018639946111,1.00931659050146
1.00059902561194,1.00105505180867
1.00192478360319,1.00819453263744
1.00020131224438,1.00039769469664
1.00001371081955,1.00004639737157
1.00160614866328,1.00605984564436
1.00035842000838,1.00071438085308
1.00031174006034,1.00058154450199
1.00016853331905,1.00020256005674
1.00125572384744,1.00634630819434
1.00096360067406,1.00377862242718
0.99999851846989,1.0000563569129
1.00028670408615,1.00054849038004
1.0008351744471,1.00422058168111
1.00016061454371,1.00077923448375
1.00004464704035,1.00005285888953
1.00111783590282,1.00546944344598
1.00124859628159,1.00576825061883
1.0000707205366,1.00012455614888
1.00000844532517,1.00002893750758
1.00046538415034,1.00046583802053
1.00058132748315,1.0029382530497
1.00009365421222,1.00052543346484
1.00281293264433,1.00890445128751
1.00065844781127,1.0010872093855
1.0009660026579,1.00417168085452
1.00014237551736,1.00037075730911
1.0000038241156,1.00001893293352
1.00024005429453,1.00098632348269
1.00117820193123,1.00363422967587
1.00020559372248,1.00050664881327
1.00040253084559,1.00195121685609
1.00025785949499,1.00127487133633
1.00168067524803,1.00825905775509
1.00068637827747,1.0006865291745
1.00007527749285,1.00007602174474
1.00055820109992,1.00171572733114
1.00107386598948,1.0026413930198
1.00022708456236,1.00098888854631
1.00049324543826,1.00196475004847
1.00055970670277,1.00143868891173
1.00022644162023,1.00035785787564
1.00083062019585,1.00380772971107
1.00121448062564,1.0043905036496
1.00039324501148,1.00204861079043
1.00044036192066,1.00164722933304
0.999980338129112,0.999980540816351
1.00010444876548,1.00011277781663
1.00025250387935,1.00086856899514
1.00025802726341,1.00134075282313
1.00260353417949,1.01231440885743
1.00052494878376,1.00053190403189
1.00026080199428,1.00118260578302
1.00028922062925,1.00033387150333
1.00033896430674,1.00151296516671
1.0001488207112,1.00081325073655
1.00079358828128,1.00135187726511
1.00042583100339,1.00211181387491
1.00001358916163,1.00014517987618
1.00113565343567,1.00572752855625
1.00010617105603,1.00061137791835
1.00006092394158,1.00038627084776
1.0003222206624,1.00139104487322
1.00084044778641,1.00357843882713
1.00092322901686,1.00361225700414
1.00665410035061,1.02777998713919
1.00000895286499,1.00010481261701
1.00069228341009,1.00315008597301
1.00051520893658,1.00152525324233
1.00078229481829,1.00375788621846
1.00066675841242,1.00309513661132
1.00021619682658,1.00022263461484
1.00036053352016,1.00186464086257
1.00010102402093,1.00040860711046
1.00002605044012,1.00018643229224
1.00016995983512,1.00023918412877
1.0005824344128,1.0010106247576
1.00007385929892,1.00007433331768
1.00083338596933,1.00122490740615
1.00019012933171,1.000359345106
1.00002003462789,1.00015463224536
1.00048459974803,1.00247293613983
1.00043009857934,1.00043214145836
1.00391359612442,1.01679045628789
1.00041001798518,1.00204266608325
1.00326983681931,1.01583767814092
1.00183702212119,1.00291986733091
1.00099575354443,1.00122884455603
1.00058145160258,1.00141729455067
1.00007975570472,1.00009818069451
1.00002167618417,1.00018384448925
1.00155335892566,1.00162395288968
1.00238414763454,1.01103985488332
1.00135084213633,1.00467521112745
1.00027922773163,1.00137517445205
1.00028839798325,1.00082572376025
1.0001694035533,1.00059479618101
1.00041066219022,1.00193549778154
1.0004717500395,1.00195092245957
1.00125352429313,1.00580774701069
1.00018449378213,1.00076185729077
1.00010697428779,1.00061489412773
1.0003826892557,1.00196055423121
1.00083431682376,1.00406330048305
1.00020219595094,1.00102604529496
1.00072586588373,1.0012079269155
1.00046011157139,1.00213293245905
1.00160970107754,1.00808845642657
1.00026324761775,1.00036626826384
1.00008160276412,1.00043821338945
1.00002073307311,1.00010161424261
0.999995467687605,0.999995634977322
1.0012555374241,1.00262460199544
1.00016503913599,1.00021470187719
1.00054780152069,1.00267585043414
1.00001373369728,1.00003817071449
1.00009080968663,1.00009089135762
1.00203914331601,1.00978856801931
1.00005600351686,1.00035776751213
1.00012565252853,1.00029463994817
1.00013670565618,1.00076623060639
1.00061674874732,1.00092565531052
1.00023539806998,1.00075481904742
1.00106710647266,1.00366524092174
1.00073131179983,1.00354369926529
1.00147574096443,1.00693518677815
1.00008050146809,1.00046559536132
1.00053387719187,1.00206141909553
1.00026858209016,1.00117941697415
0.999990884483445,1.00003259822441
1.00013014779576,1.00069467520158
1.00104341817831,1.00257169992757
1.0000908514762,1.00034394363334
1.00004069375164,1.00010814451838
1.00044673055666,1.00046196526174
0.999983802463977,0.999991470514876
1.00005808556249,1.00022403966384
1.00014848674717,1.00077172351319
1.00083729233098,1.00083819650869
1.00146281521055,1.00645409270535
1.00008667631492,1.00015088543574
1.00021386069753,1.00095622508462
1.0003095002158,1.00090738945976
1.00026315863118,1.00084365041871
1.00064502876811,1.00330179646237
1.00115805947757,1.0043782565539
1.00011597281345,1.00011845166487
1.00024456797447,1.00069000125474
1.00012623369729,1.00070629231104
1.00077654893342,1.00293212894196
1.00029092648235,1.00150508831899
1.00045452618806,1.00224482852169
1.00053652298311,1.00069846369573
1.00024179287821,1.00127610672307
1.00005289249645,1.00005291646516
1.00100887314731,1.00219332249723
1.00099415991945,1.00383827097086
1.00005970006862,1.00036508340834
1.00049542867692,1.00057070572789
1.00074901610055,1.00230341912229
1.00004427757353,1.00028383414281
1.00039994288452,1.00197321030533
1.00012875507678,1.00013367740024
1.00104808465735,1.00350244021896
1.00108440829315,1.00422379650099
1.0001802793222,1.00053262132513
1.00113235013059,1.00440470089765
1.00132010927798,1.00306205396059
1.00028126310058,1.00132534876012
1.00230731399574,1.00765113261826
1.00256267368223,1.00860625496865
1.00016329512966,1.00085706209439
1.0009595491215,1.00381713737984
1.00009134697316,1.00049548345023
1.0011361073197,1.00462571209067
1.00013723433734,1.00017694582489
1.00013036660256,1.00068358894623
1.00282453327953,1.00619752885924
1.00082994909921,1.00283413133041
1.0002572204779,1.00085167151923
1.000437030391,1.0014208412433
1.00051160280936,1.00178252950022
1.0007051402317,1.00276020039674
1.00019238783621,1.00032686084804
1.00078708704216,1.00364233371866
1.00057808940298,1.00293726735353
1.000005561498,1.00001339795315
1.00010373580483,1.00014571801325
1.00004411627033,1.00007622204153
1.00048488976918,1.00201510876641
1.000406391528,1.00208791315798
1.00199413648574,1.00776467353905
1.00005569090487,1.00005874774855
1.00010888192668,1.00052605966843
1.00139608437135,1.00700042504618
1.00081021056833,1.00388447279547
1.00001227778554,1.00009655265715
1.00009967714717,1.00024631784099
1.00050848986256,1.00235335853343
1.0002570679674,1.00113938085053
1.00011134540042,1.0001601782633
1.00003030185288,1.00022148818834
1.00089694083115,1.00202576326095
1.00008485373679,1.00017876059837
1.00007521656314,1.00043988565407
1.00006639845421,1.00041318803643
1.00060453534512,1.00223505326084
1.00012653879868,1.00012676935174
1.00002032545167,1.00014169977011
1.00027700219985,1.00129443967105
1.00019813249663,1.00046748473399
1.00337386999952,1.01660947589573
1.00041314879378,1.00201233449461
1.00006358995141,1.00030971855237
1.00070108473874,1.00080280614692
1.00036207693994,1.00067993374807
1.00075557810727,1.00083289764191
1.00823888969541,1.02996338490335
1.00150391190442,1.00150414645712
1.0002742253666,1.0013722149872
1.00008117551345,1.00008690364666
1.00003004877496,1.000216259441
1.00036639947945,1.00173659692363
1.00145884986576,1.00735184709135
1.00079560364308,1.00405378944638
1.00014854115832,1.00079654870045
1.00029831645082,1.00043388999713
1.00004339997095,1.00014854023065
1.00138332737654,1.00152247782824
1.00040690885763,1.00146340982583
1.00148749676837,1.00740679208862
1.00036450078164,1.00084335867297
1.00121028141557,1.00538059265813
1.00019086163689,1.00021726985588
1.00028720325236,1.00036814268315
1.00022011017305,1.00057766760355
1.00028979551839,1.00090842468489
1.00005593211937,1.00035489522889
1.00034334771296,1.00143807721861
1.00002584776177,1.00015519583816
1.00015704914581,1.00047089163861
1.00022489470323,1.00065046554127
1.00260003432168,1.01282752722777
0.999996637171052,1.00006194539614
1.00017754020497,1.00065133915924
1.00041480517716,1.00111170744231
1.00055393686337,1.00180016942827
1.00000151382129,1.00008529532071
1.00210208582248,1.00977099288605
1.00018434450932,1.00042587508494
1.00042149778426,1.00118841326767
1.00008008483715,1.00031945546522
1.00027282456775,1.0006645472999
1.0010290439568,1.00518541303697
1.00074502382211,1.00249614299753
1.00159391277528,1.00687203648066
1.00103708654818,1.00123283418288
1.00109635237138,1.00526300647011
1.00063025987055,1.00277167294576
1.00153099855918,1.00731879483919
1.00009136625348,1.00047039155697
1.00050726644355,1.0013963572956
1.00019259133005,1.00097199159283
1.00141687435683,1.00419030550606
1.00002976548184,1.00018287565291
1.00071148739572,1.00263749477706
1.00096774572886,1.00474786620457
1.00033243827582,1.00047069809636
1.00036117133555,1.00160486405618
1.00023269671707,1.00087803609561
1.00128396672705,1.00482435564207
1.00002688635197,1.00021174000142
1.00084478851711,1.00107354275994
1.00022996044036,1.00122659470943
1.00019213573241,1.00104438752994
1.00041113179131,1.00212349862261
1.00045577445115,1.00046116337864
1.00003531732181,1.00003877696181
1.00139008445428,1.00226272022349
1.00065165587671,1.00292709919754
1.00021024618253,1.0002763891542
1.00034895439516,1.00180175412531
1.00024069448093,1.00062027393428
1.00021534031457,1.00076022828337
1.00290406388352,1.01351156978946
1.00396671081904,1.01672881085079
1.00019871539492,1.00089685844762
1.00013699265516,1.00038285362898
1.00354711814377,1.01225070654241
1.00029445038269,1.00037694096771
1.00026291897128,1.0002629765443
1.0005769941772,1.0024251697146
1.00108127775867,1.00524487561264
1.00124081769829,1.00624525628452
1.00097032140631,1.00479431729553
1.00043529141206,1.00046775010578
1.00041730481424,1.00191714562632
1.00109449832165,1.00376808886639
1.00109282365478,1.00310602460612
1.00068283597679,1.00159486843857
0.999985693812575,0.999988038204798
1.00116537384066,1.00518561880216
1.00001945713731,1.00017806893261
1.00062925891454,1.00303992483655
1.00101747166579,1.00233596779273
1.00019192258111,1.00099637113568
1.00018480871676,1.00042854339847
1.00005426888385,1.00034812250334
1.00004618453527,1.00025410296403
1.00120314896054,1.00598913421525
1.00270873736334,1.01243371786241
1.00031750276156,1.00057907914348
1.00033114879819,1.00148441142577
1.0002479201813,1.00061825096545
1.00070031455999,1.00353935148984
1.00116148464615,1.00369314110348
1.00050955062286,1.00242218208378
1.00141128678579,1.0036834031762
1.00172795867775,1.00750077279243
0.999999939750159,1.00007946555072
1.00115320661578,1.00513050816958
1.00001819052706,1.00016200976647
1.00022515842417,1.00022533758056
1.00220214363105,1.00836829411356
1.00055839037754,1.00280012887112
1.00007077185125,1.00012251952148
1.00004594750676,1.00008695191618
1.00006395786828,1.00009657738484
1.00248054023825,1.01225027339231
1.00201122788288,1.0090475093181
1.00023481012294,1.00109473538454
1.00131283370778,1.00662638772244
1.00012576450318,1.00047894177114
1.00051122293859,1.0026351916834
1.0022036954172,1.00975541709261
1.00058606981394,1.00290877045243
1.00006493280453,1.00013973375913
1.00062304796684,1.00068875805933
1.0001217238076,1.00065744991547
1.0003189200596,1.00147566984424
1.00017716265589,1.00036187971905
1.00025499921374,1.00074824606478
1.00016135560618,1.00081686523312
1.00075089339258,1.00349900083985
1.00030910252793,1.00136504283565
1.00080794154015,1.00094242981722
1.00013460023498,1.00059666448059
1.00049153243862,1.00157206923773
1.00017007616446,1.0003458118629
1.00042698610562,1.00187139686635
1.00012963469394,1.00014039032876
1.0002664666503,1.00039216762805
1.00369817671327,1.01699405934275
1.00059974004702,1.00189551712911
1.00138025711575,1.00233028639689
1.00008667333887,1.00044246202766
1.00041100729565,1.00208259234206
1.00025462742996,1.00065522906728
1.00014543301795,1.0007095664315
1.00073654344214,1.00373351924198
1.00022159524105,1.00101504158415
1.00504866531865,1.02211650247237
1.00077550033618,1.00369545224934
1.00094796089321,1.0014439041009
1.0016025452143,1.00802987413385
1.00019141368699,1.00070478065619
1.00014748492068,1.00054934190347
1.00000474693473,1.0000973422023
1.00053337270742,1.00148735542601
1.00133526926709,1.00459586828167
1.0012648547687,1.00459062442663
1.00003467876695,1.00025130906602
1.00088582542754,1.00109601123423
1.00046982217179,1.00237773886135
1.00079370654262,1.00399009500615
0.99998272909741,0.999983512413272
1.00095152777711,1.0027637836176
1.00004277763984,1.00027581643128
1.00136142195912,1.00635746819135
1.00068435281331,1.00345952577071
1.00041222809928,1.0015037409651
1.00117918347142,1.00561053510287
1.00056048187262,1.00066600173509
1.0003324329891,1.00070849571638
1.00025510266494,1.00097674866114
1.00039107156615,1.00174596835815
1.0007522370411,1.00301162069767
1.0003617692408,1.00189106915377
1.00126232887895,1.00624761529185
1.00005365158228,1.00034560681473
1.00015557866583,1.00020086208189
1.0000091995114,1.00003315593967
1.0011324862656,1.00424325105178
1.00044543415034,1.00044544403561
1.00056783396479,1.00062969106769
1.00008562035326,1.00018742497902
1.00034552294423,1.00180441365017
1.0000087413918,1.00008220901333
1.00621391520637,1.02808711989964
1.00017907107253,1.00022130920187
1.00118234921288,1.00305346169747
1.00024571196466,1.00102030207418
1.00088875579015,1.00446107975343
1.00029910941359,1.00038302950818
1.00017249929238,1.00094161140179
1.00000086653424,1.00000868736518
1.00091762808888,1.00091815725584
1.00079507846077,1.00393644493638
1.00070919785482,1.00359330629998
1.00173022282327,1.0086157324259
0.999984449806762,0.999996449473746
1.00035386059546,1.00107680850566
1.0002624659799,1.00139592629841
1.00020111564581,1.00052465307101
1.00027260011533,1.00130605448429
1.00020356764414,1.00022093427544
1.00080151945101,1.00294915468486
1.00045165928665,1.00070536166015
1.00027769863046,1.00146317064471
1.00015874212009,1.00079606455086
1.00078015786569,1.000780340572
1.00030138873544,1.00048314494956
1.00080041913635,1.00394418194882
1.00004438003427,1.00014678716795
1.00143852223831,1.00717808975242
1.00086335480011,1.00344878039904
1.00115199864169,1.00170411675939
1.00019066534805,1.00084286961157
1.00000589034044,1.00007614585731
1.00115026943259,1.00121620888769
1.00031580401758,1.0003654438981
1.0002240421967,1.00113697022951
1.00069946393838,1.00357467313046
1.0005112917943,1.00202864668631
1.00015965766503,1.00039302500946
1.00047544408322,1.0012250850611
1.00039544964759,1.00135312128494
1.00233985971767,1.00731479150169
1.00052153343802,1.00102149692335
1.00272071580322,1.0085599106714
1.00029606159789,1.00111944290413
1.00076481931969,1.00378480994579
1.00287866582966,1.0136179170677
1.00015646204868,1.0008651840134
1.00020687460872,1.0009420462559
1.00132361586211,1.00599429167107
1.00099083969704,1.00359730854161
1.00105342102731,1.00533907674436
1.00014698306781,1.0007460155723
1.00008351800755,1.0002183963143
1.00118276587044,1.005985177424
1.00038051875314,1.00066661940833
1.00038597263195,1.00103873667102
1.00051624486055,1.00097124992663
1.00005526803776,1.00018636345186
1.00384034505593,1.01851315822137
1.00004081690247,1.00006863434879
1.00019275563788,1.00039752944646
1.00090590851605,1.00430348992039
1.00383371314913,1.01733132538911
1.00128699827717,1.00182817352223
1.00063208100162,1.0032449045567
1.00064468520595,1.00320807882367
1.00075738152784,1.00153668087452
1.0001008098561,1.00028415523041
0.999987042265153,0.99999935167231
1.00013667836408,1.00029603274232
1.00424619969311,1.01762457653915
1.0010213151277,1.00516992520046
1.0007076922423,1.00318543129784
1.00092215424455,1.00304925058996
1.00151135830133,1.00578673535174
1.00174579845433,1.00647309135846
1.00018288059227,1.00097914346949
1.00004139868406,1.00017227015852
1.00010695596161,1.00042874537318
1.00016679991681,1.00025512488528
1.0000959475311,1.00010498461734
1.00165813779577,1.00809079365114
1.00035023918387,1.00181997316143
1.00520121924482,1.02539428797155
1.00116955396587,1.00591092961049
1.00040432701837,1.00210663590155
1.00003824029952,1.00022859476858
1.00004240084033,1.00014666605315
1.00007684368578,1.00042098639544
1.00015224119278,1.00063506054346
1.00106532901441,1.00139538057581
1.00026594614589,1.00140449956235
1.00018506425475,1.00090892934948
1.0000508969376,1.0003084451048
1.0000469169957,1.00006880764999
1.00054589573353,1.00231781802797
1.00041050198955,1.0007343932387
1.00066166501647,1.0032270212981
1.0039331648327,1.01910882450361
1.00139536677284,1.00141494558445
1.00243577676765,1.00637807142931
1.00129435511779,1.00173312716685
1.00108710804985,1.00436191832736
1.00232158816115,1.0096002090649
1.00060787917231,1.00235022413318
1.00003482622099,1.00004615774826
1.00025313224554,1.00038703770477
1.00077286309849,1.00378827795354
1.00046742792584,1.00241045735729
1.00040762355879,1.00198917991254
1.00109996729915,1.0047177585491
1.00081688735595,1.00398965887738
1.00001430252026,1.00009467382782
1.00007614211233,1.00039215931548
1.00316903036389,1.01213032693438
1.00174406986844,1.00740252319404
1.00027658440271,1.00139096820084
1.00019584110841,1.00031553278486
1.00020272925356,1.00099551783012
1.00409982655541,1.0198228157729
1.00360900179068,1.01110924343536
1.00152637767279,1.00352327001369
1.00109322677303,1.002349682979
1.00120382465013,1.00332764286279
1.00009674904754,1.00038897970053
1.0021652743333,1.00848279991171
1.00225404493814,1.00684559710218
1.00022045257054,1.000687739281
1.00020772765842,1.00110165934469
1.0010665892108,1.00457941877361
1.0007998020934,1.0032069506935
1.00063216947001,1.00154135061111
1.00228262039931,1.00312827815018
1.00012526816955,1.00060563789436
1.00032491884476,1.00093775917419
1.00018525679751,1.00037207563104
1.00003307948869,1.00022233689085
1.00012530424603,1.00040456663236
1.00198724560908,1.0056849996977
1.00078009697552,1.00314597589463
1.00256997078809,1.00764931472928
1.00118511503713,1.00369170442443
1.00159325255076,1.00159355975333
1.002151804251,1.00804593410049
1.00005622022425,1.00017990445223
1.00088822247098,1.00438729993278
1.00039396133199,1.00047925075874
1.00065623599604,1.00212442201867
1.00210500596812,1.00656714838101
1.00036442992568,1.000369862872
1.00181651932819,1.00788561934502
1.00046529987711,1.0014648740836
1.00066339056329,1.00207281208139
1.00126679304185,1.00572590521235
1.00034310432349,1.00146377593287
1.00049814368063,1.00205484640404
1.00097658718546,1.00469619700219
1.00051516959264,1.00252634298191
1.00024830436602,1.00132337907037
1.00160282549429,1.00805410176684
1.00071553286459,1.00313839232397
1.00094306547489,1.0045558468792
1.00049635037964,1.00083727916833
1.00021515177313,1.00115808003946
1.00095706137695,1.00300590474439
1.00014942636285,1.00024492160487
1.00035039636176,1.00172504667273
1.00021418131688,1.00072273715298
1.00068937404852,1.00301182178687
1.00078925099695,1.00272432253878
1.00006926122053,1.00020731800397
1.0001314552957,1.00058209618782
1.0019121655085,1.00200895278695
1.0008912204297,1.00430742081327
1.00005626582041,1.00021618738131
1.00106204525441,1.00465797413114
1.00072793126328,1.00321983937969
1.00020770091832,1.00111939201396
1.00013792930429,1.00046312199534
1.00018874159116,1.00025110287005
1.00069103518598,1.00319584015636
1.00003439474621,1.00009489379709
1.00269718675982,1.01125692181661
1.00010424791425,1.00012487809822
1.00131801049493,1.00588771468211
1.00013223267476,1.00067986483194
1.00010084090384,1.00012229901829
1.00001073737585,1.00002282831755
1.00139538401527,1.00489594565189
1.00003834601127,1.00023586242523
1.00006057289882,1.00033549670742
1.00001665321259,1.00008488892043
1.00125079522408,1.00619585420809
1.0001373247413,1.00013732835702
1.00016664332109,1.00019106200487
1.00043941258625,1.00227885177958
1.00063403752436,1.00188017071806
1.00047207366318,1.00192410510978
1.00007418723647,1.00044918290354
1.00067102602706,1.00337595153522
1.00017962593591,1.00057874161614
1.00019263847096,1.00079058927011
1.00131855493574,1.00498877450943
1.00034933017051,1.00181458145534
1.00072689203819,1.00369353651906
1.00028570308647,1.0010523966047
1.00020307318933,1.00022129035922
1.00066397141695,1.00088270207134
1.0007044555635,1.00323145689434
1.00288754266065,1.01395069980515
1.0003855952607,1.00039781222306
1.00041699847128,1.00180984484882
1.00086687946498,1.00244094390061
1.00021213034801,1.00114476548622
1.00034343191587,1.00151980705101
1.00064076203594,1.00087757342087
1.00056389744141,1.00181309476671
1.00029181708246,1.00149858586877
1.00158296465159,1.00794560004676
1.00009229438337,1.00045136322441
1.00015897328405,1.00085870120582
1.00007504131627,1.00045079595642
1.00046559712597,1.00213729438615
1.00050358651005,1.00166084827131
1.00560056152009,1.02676530586798
1.00047554517592,1.00245946644061
1.00081344528201,1.00411891000815
1.00046117454466,1.00204733788679
1.00103484797915,1.00383423556136
1.00038128774607,1.00191518518841
1.00018007740743,1.00019310248367
1.00038870902467,1.00202894892648
1.00011351782462,1.00045042770034
1.00018648216001,1.00060652954494
1.00012682796888,1.00032185644777
1.00042508802834,1.0007564080224
1.00021923715323,1.00033457522742
1.0004182318674,1.0019214279543
1.00015818489937,1.00049977171047
1.0002279738445,1.00083846601716
1.00004579208885,1.0001856367496
1.00027630214502,1.00099917649488
1.00307310364487,1.01485274422282
1.00027410260169,1.00136765240774
1.00223617003607,1.01081069673493
1.00177772444106,1.00235448785653
1.00070827480042,1.00169062872383
1.0012644015312,1.00566097296822
1.00018968735757,1.00020798893194
1.00007637637579,1.00044885727515
1.00085084282374,1.00430886935427
1.0028296051382,1.01273161699863
1.00106024153638,1.00519402299135
1.00022653399164,1.00054850290748
1.00052487183382,1.00081727369276
1.00015396904293,1.0001645787501
1.00025192982214,1.00134151050727
1.00010368984976,1.00010652411911
1.00104773411159,1.00489548981983
1.0001153363995,1.00064009639297
1.00009576171174,1.00026869704275
1.00000339104125,1.00000356232482
1.00076693357068,1.00205166033912
1.00000784539435,1.00004932041185
1.00034872575796,1.00175631209088
1.00090776394173,1.00428321034454
1.00174358147385,1.00872686835558
1.00022663952293,1.00088998375578
1.00028943846608,1.00149912198717
0.99999643968852,1.0000063066069
1.00053173077033,1.00273168243947
1.00159473911392,1.00375671871562
1.00030917824405,1.00113169586694
1.00035531639088,1.00165112589325
1.00023658631499,1.00073189224349
1.00001933890552,1.00017058796617
1.00089424281985,1.00454419091781
1.00019730119565,1.00094636417827
1.00001827069115,1.0001706418737
1.00037311100459,1.00193645431455
1.00012467081096,1.00012632706534
1.00123994185359,1.00423011995074
1.00067667035549,1.00145304535684
1.00052833575235,1.00272498636545
1.00129367049079,1.00563730377206
1.00076814118935,1.0030707864369
1.00000350713496,1.00009624892893
1.00053238924055,1.00267403236282
1.00030907654057,1.00162838161152
1.00003106374279,1.00010675926272
1.00215381897329,1.00864967623799
0.999984631697519,0.999993183693013
1.00034845589581,1.00140992192407
1.00059735204795,1.00064777826774
1.00009909196073,1.00051304567015
1.00035917026006,1.00035957718122
1.00009140376164,1.00024995276337
1.00071272925077,1.00354494440724
1.00161941385154,1.00798215417028
1.00014912621072,1.0007305974473
1.00019182610228,1.0002509985978
1.0001398429352,1.00028278650379
1.00010030977995,1.0005736167561
1.00066386730724,1.00337564340635
1.00068683514498,1.00351797381792
1.00006347060265,1.00010981832024
1.00060575644973,1.00070695567301
1.0000649026968,1.000365770322
1.00106472147101,1.00348889792184
1.0000283574827,1.00020697295599
1.00141509504948,1.00712910933526
1.00048358789235,1.0012271493711
1.00070383578054,1.00225670466893
1.00004635174497,1.00006963537965
1.00125076550323,1.00239400524367
1.00124034186794,1.00404531772434
1.00001683566078,1.00001685273848
1.00016780360879,1.00028847383255
1.00029641407172,1.0015667012182
1.00071168754307,1.00345269270917
1.00002825707708,1.00014455998322
1.00008329366794,1.00024386007892
1.00082291753548,1.00356302765728
1.00160222539143,1.00747728259072
0.999982431462417,0.99999172690483
1.00110125788984,1.00300545739084
1.00011973478321,1.00019377990519
1.00027011874984,1.00143530422962
1.00209252511479,1.00853512310378
1.00294678417156,1.00469788017794
1.00078938901538,1.00391046718541
1.00184278977413,1.00889290291889
1.00016698530456,1.00057258480247
1.00040930091382,1.00161203975835
1.00004287684409,1.00005819509746
1.00011572349749,1.00065752642975
1.00331778794451,1.01292508607344
1.00030625382972,1.00069702429979
1.00013948810719,1.0006948283087
1.00029180448649,1.00055526058607
1.00116657784713,1.00455086699184
1.00052510613088,1.00269335859629
1.00003490571462,1.00007903077881
1.00032216154756,1.00128164577857
1.0004760142298,1.00238705167854
1.00001526338996,1.00011868524676
1.00018208951994,1.00097649962494
0.999987005954984,0.99998723109846
1.00040326607774,1.00188523430523
1.00064820645702,1.00332296385441
1.00224693574119,1.00799164109254
1.0000699828723,1.00040925057111
1.00017301901903,1.00026609600896
1.00153798896467,1.0075659895473
1.00154080302567,1.00759262103282
1.00044037861213,1.00123901532711
1.00009160461158,1.0001290666401
1.00062659485573,1.00251425844339
1.00002286778696,1.000186076681
1.0002605637601,1.00095942367805
1.000082796842,1.00049512434129
1.00059877121766,1.00118631875645
1.00066567648619,1.00083562787118
1.00021562005758,1.00093598649504
1.00013114523935,1.00073577578225
1.00053949468159,1.0013647611992
1.00030157473938,1.00068738447351
1.00023075355028,1.00023792055546
1.00034906584237,1.00141634485511
1.00029911250397,1.00061324344759
1.00341666880673,1.01672684205961
1.00008941203628,1.00044617014775
1.0005151128461,1.00179330653967
1.00016492204577,1.00043897824693
1.00080084685629,1.00359141376
1.00067992565258,1.00256353925904
1.00775288440462,1.03486157600063
1.00119498197967,1.00209461895497
1.00002964258395,1.00022790535816
1.00043399279161,1.00208997184466
1.00041280257001,1.00136894306388
1.00011277086798,1.00046689098516
1.00105765812175,1.00529346946386
1.00043177367441,1.00205964188937
1.00040714126683,1.00191534440136
1.00047291055589,1.00144359730467
1.00004115895232,1.00006894810859
1.00065663391215,1.0006602720702
1.00041858998877,1.00210727714385
1.00148567048054,1.00746216207131
1.00000444915636,1.00010238409685
1.00036518788484,1.0018163888287
1.00006379462077,1.00009616941586
1.00015089348446,1.00032283056704
1.00047127363855,1.00080364665779
1.00041539477305,1.00074280662356
0.999983293175527,0.999996204752668
1.0004913670755,1.00241042470702
1.00019752820094,1.00022050626724
1.00022892181996,1.00074850605965
1.00020569385513,1.00098841620172
1.00306308239796,1.01495800869785
1.00007376370751,1.00020010358031
1.00024255193004,1.00127875284833
1.00025634450014,1.00117250364688
1.00039854601309,1.00106352073298
1.00014193774405,1.0004415135374
1.00201317394925,1.00987681773216
1.00033831959037,1.00034181068495
1.00061006194849,1.00248099114812
1.00021932107092,1.00064753946245
1.00031970289848,1.00166765946639
1.00111742604339,1.00520545741066
1.00038436462796,1.00039987023927
1.00245034088172,1.01076811905937
1.00061083362904,1.00197534842731
1.00081989194244,1.00383641143607
1.00097522175142,1.00249579722044
1.00124530164144,1.00604801979425
1.00054688802596,1.00227869602473
1.00019408160606,1.00079127143112
1.00024068319668,1.00093365009924
1.00207712231765,1.0050945799418
1.00041732612976,1.0007576109616
1.00054713925956,1.00265868904819
1.00050981213252,1.00261598295453
1.00036017735861,1.00120585664424
1.00028454132368,1.00150713452047
1.00019009042041,1.0009645035536
1.00148200354987,1.00695623636822
1.0000852064132,1.00010093991468
1.00059279747838,1.00107851955157
1.00094946479799,1.00456562692464
1.00023212967199,1.00116626390565
1.00060968410626,1.00186721599294
0.999990744936377,1.00002730529622
1.00061769535313,1.00313168128997
1.00019749192462,1.00022745070015
1.00020867186199,1.00101901218939
1.00027975979266,1.00093832427806
1.00009395320888,1.00051893232371
1.00011588992193,1.00037884703697
1.00011289878684,1.00028978675941
1.00217469824025,1.00953091400039
1.00324396841949,1.01130068253903
1.00034196907573,1.00122354115093
1.00004947219409,1.00016443092524
1.00218585367419,1.00646750580254
1.0001630873643,1.00087986852642
1.00001263693718,1.00005940152396
1.00087849082127,1.00429559902834
1.00173402676447,1.00870837631647
1.0015147667598,1.00762056454221
1.00166517596995,1.00834917809109
1.00074099808597,1.0018149527811
1.00006353812164,1.00011065427135
1.00001067535644,1.00012707262087
1.00020988220988,1.00050402548161
1.00077585676528,1.0036366951392
1.00011405080812,1.0005997556057
1.00083635190655,1.00316498368794
1.00000595664007,1.00000718185509
1.00048708969787,1.00232546644445
1.00117675920647,1.00566619074788
1.00003529119745,1.0002568241461
1.00014556305912,1.00068381834804
1.00024016027726,1.00125640301806
1.00006630212743,1.00012674338979
1.00100377853499,1.00479782482299
1.00195788125884,1.00934758220062
1.00068640633196,1.00291178995233
1.00021452983775,1.00109650597496
1.00039789672073,1.00088450264987
1.00056293999543,1.00289977649269
1.00095588665514,1.00290202052104
1.00035500399721,1.00174835391583
1.00093314686114,1.0031974252514
1.00159435859655,1.0075454346397
1.0000490580032,1.00023636805388
1.00118167778974,1.00595142016658
1.00012344095603,1.00012708564418
0.999992343993159,1.00003723464797
1.00127410401439,1.00413826269134
1.0003043352229,1.00142166692382
0.999998204546927,1.00003616965449
1.00028486465921,1.00112349985078
1.00005128842281,1.00018421035468
1.0016212318284,1.00745345608164
1.00229589901584,1.01080162856766
1.0000224674146,1.00006784157967
1.0017585336851,1.00880243105443
1.00032209538436,1.00169385971509
1.0003412114279,1.00129730123211
1.0019483622774,1.0081709259671
1.0001745393379,1.00025967175751
1.00024677865417,1.00129968851736
1.00010298506795,1.00038506807007
1.00072236081039,1.003218488582
1.00035048760902,1.00170087255681
1.00010844169676,1.00036160741039
1.0000389820146,1.00003916420844
1.00015960633097,1.00087997700763
1.00030216089489,1.00147336526751
1.00060189445096,1.00309193321785
1.00013709554632,1.00055830239545
1.00011802665324,1.00040314310198
1.00022596215301,1.0012031903132
0.999991884425203,1.00000709907428
1.00076502650292,1.00308804437597
1.00142719054571,1.00713499754235
1.00002171143594,1.00017320211589
1.00310738252922,1.0137644084318
1.00082475209337,1.00419962670107
1.00095266351911,1.00111701737727
1.00004769653879,1.00030004432319
1.00065691994333,1.00123805108162
1.00043332861488,1.00163971828025
0.999995696794851,1.00005819085338
1.00144350564591,1.00644139773879
1.00002926984595,1.00021520824178
1.0046328497854,1.01759995182982
1.00050431631296,1.00245485027321
1.00046412799641,1.00133566661732
1.00302074681639,1.01501897409371
1.00064872853133,1.00303980973339
1.00013343848251,1.00040732764023
1.00001708695676,1.00012221452003
1.00020635357508,1.00030886839614
1.00176115187826,1.00831310387169
1.00104126448133,1.00359802040871
1.00005668938715,1.00029906677876
1.00030102090539,1.00136922013907
1.00063528718279,1.00215268303703
1.00122715487283,1.00432042034389
1.00002479436333,1.00002547869497
1.00062671271434,1.0018329840904
1.00017208402131,1.00017222262038
1.0012787159276,1.00530741958006
1.00041334844406,1.00206679938896
1.00047405888338,1.00244062669761
1.0006971724308,1.00353894031573
1.00092579911586,1.00466373154596
1.00048487436959,1.00134522201506
1.00003994957732,1.00024917335901
1.00053554349774,1.00274121226293
1.00031531341257,1.00077683931658
1.00025248502903,1.00045267862412
1.0010461337735,1.0046143979587
1.00027847625221,1.00068198085822
1.00010141921082,1.00010975633935
1.000460550733,1.00116685101643
1.00135310517389,1.00589986229317
1.00000705908811,1.00011407966868
1.00104142211034,1.00108433204143
1.00017472463003,1.00031037746692
1.00050931306195,1.00241976361884
1.00057203976615,1.00096767820981
1.00687290662358,1.02982067882094
1.00001047540184,1.00009529994395
1.00098294205614,1.00379884391312
1.00018649146965,1.00098795804903
1.00033243707888,1.00171533920807
1.000325750733,1.00050189472829
1.00070413436058,1.00350825894412
1.00006131483606,1.00007623704606
1.00044808313276,1.00222115683597
1.00048224723832,1.00248767427788
1.00072450901803,1.00085779732426
1.00095588822812,1.00419266699719
1.00007028596159,1.00007028761068
1.0001249019077,1.00035783397346
1.00022076197004,1.00022889239107
1.00021877423823,1.00117199832839
0.999987003420923,0.999988337770024
1.00026857031333,1.00141734546757
1.00054739854418,1.0019355586572
1.00023020369341,1.00101784804749
1.00017463391202,1.00051809076276
1.00052016353222,1.00262748206928
0.999994972508421,1.00000515484247
1.00084070686141,1.00186014764107
1.00018505989776,1.00097315622558
1.000204059974,1.00023144887032
1.00114624557393,1.0054837736588
1.00006691905752,1.00014199660496
1.00165490348711,1.00316939703931
1.00124345704609,1.00612148670061
1.00012142356809,1.00012142457674
1.00170645990794,1.00258736665879
1.00039668801904,1.00202513745871
1.00014464217685,1.00032172966637
1.00093685677981,1.00392432533198
1.00016500543128,1.00087520985085
1.00045864978189,1.00237785264404
1.00095529977879,1.00097724519474
1.00032465569309,1.00125470923422
1.00183636220425,1.0091853662334
1.00001117428114,1.00007710668307
1.00200243725345,1.00926813505568
1.00192971866574,1.00825262909686
1.0004135175279,1.00115047031785
1.00257822450499,1.01270602012494
0.999992261456484,1.00000451866036
1.00017634961325,1.00079808632956
1.00150892936438,1.00618630174625
1.00023181160581,1.00119571612634
1.00218567132959,1.01092032742265
1.00005049471119,1.00008657215036
1.00006192479344,1.0000808764272
1.00038424337528,1.00159474254921
1.00030410641165,1.00128078895065
1.0003237031876,1.00170242126442
1.00044453439182,1.00079715497537
1.00003478175543,1.00012116356382
1.00269695926523,1.01333511587662
1.00001316463161,1.00013677238239
1.00004616091777,1.00030868254154
1.00092290680204,1.0040408399882
1.00315949314707,1.01500030235789
1.00077068892546,1.00358496589943
1.00059919584816,1.00205426228912
1.0008959953593,1.00434069743708
1.00078071164351,1.00268373962308
1.00024671441076,1.00030325920099
1.00011328293249,1.00021102876443
1.00001318754883,1.00012650382272
1.00440104730685,1.0197640011863
1.0008272600798,1.00377204790302
1.00118168308251,1.00591092663813
1.00044899388933,1.002307069267
1.00113892949653,1.00311053507081
1.00132614367134,1.00448462373719
1.00001247866901,1.00001958443037
0.999990639926846,0.999991404052008
1.00019405344635,1.0010538594546
1.00040481951037,1.00197287706579
1.00020981700622,1.00085101972169
1.00097969340154,1.00489479187133
1.00060817730195,1.00292192113787
1.00440416895092,1.01946340215648
1.001112067753,1.00540091601238
1.00009285369986,1.00030161402026
1.00007669684775,1.00009448815668
1.00018551341512,1.00101134533181
1.00008189238504,1.00011962338884
1.00018347791136,1.00088931946702
1.00011776996321,1.00032611588003
1.00040716808257,1.00179887021983
1.00002606146803,1.00012591257557
1.00028512912383,1.000545563704
1.00036240819842,1.00180187996995
1.00001578600577,1.00015294722881
1.00033672434816,1.00072202016408
1.00168515113525,1.00641524915049
1.00449267845583,1.02176960624275
1.00031145704763,1.00125484672362
1.00109253108557,1.00390477392154
1.00287730710681,1.01049558692411
1.00128672601253,1.00630157466977
1.00133071371354,1.00620931911111
1.00060054024877,1.00136352431499
1.00004928467405,1.00005289095855
1.00048561385167,1.00075271839069
1.00073853280046,1.0037121010718
1.00010402215735,1.00024308980168
1.00074405388055,1.00370340833858
1.00110509268939,1.00514824168837
1.00044565440462,1.00170760604807
1.00055859044775,1.00191682614204
1.00006506313673,1.00038998922483
1.00228155576013,1.0099940319762
1.00118772183014,1.00552685057082
1.00013744763886,1.00074227370843
1.00009478939044,1.00014591377432
0.999988899002525,0.999992057946451
1.00448122372293,1.02155534386285
1.00453746185458,1.01824050118633
1.00118887182976,1.00486485721227
1.00037659122491,1.00196643646026
1.00045547181566,1.00134649847461
1.00027920793267,1.00147418430665
1.00175872200217,1.00782322011327
1.00209237993067,1.00948121358874
1.0001218689724,1.00013446937599
1.00006443681517,1.00031434895232
1.00042501637856,1.0021410869535
1.00071610573868,1.00330256631169
1.00009619577402,1.00053913566057
1.00173236702739,1.00264116568081
1.00011130422882,1.00012635717502
1.00001457591477,1.00013606895351
1.00020785036446,1.00095853612497
1.00005327279074,1.00028419975967
1.00003257651717,1.00005992244645
1.00143025406741,1.0054742296782
1.00109672597469,1.00534439738314
1.00224098405546,1.0082184923331
1.0012536809284,1.00609591679031
1.00103151112535,1.00103939021982
1.00256277856775,1.00970573247991
1.00003992082223,1.0002530617536
1.00135264912475,1.00663774839156
1.00012925821439,1.00023863192757
1.0004568632678,1.00228886913932
1.00072542504742,1.00258990681611
1.00047185289169,1.00048414145454
1.00139750264453,1.00615230141889
1.00035042678145,1.0006273357171
1.00019497790855,1.0010346046393
