"chain1_raw","chain2_raw","chain1_pp","chain2_pp"
-0.844903374135597,0.885483163350094,0.844903374135597,0.885483163350094
0.957667300993427,0.917054997879283,0.957667300993427,0.917054997879283
0.941377227254707,0.947160492735586,0.941377227254707,0.947160492735586
0.993297358376808,0.90493022313146,0.993297358376808,0.90493022313146
0.873914484016691,0.70492321641261,0.873914484016691,0.70492321641261
-0.688470910691993,-0.836130999378655,0.688470910691993,0.836130999378655
0.82179878610526,0.667837146534572,0.82179878610526,0.667837146534572
1.11047555500788,-0.907719186843479,1.11047555500788,0.907719186843479
0.86625601324599,-1.12924095156516,0.86625601324599,1.12924095156516
-0.858042236188957,-1.06979803311881,0.858042236188957,1.06979803311881
-0.934590650411836,0.882786927758872,0.934590650411836,0.882786927758872
-1.16457373523678,-0.924997957170796,1.16457373523678,0.924997957170796
-1.01349770763342,-0.805514787854147,1.01349770763342,0.805514787854147
-0.93630064840277,-1.17810019714979,0.93630064840277,1.17810019714979
-0.957607408659612,-1.15820268062673,0.957607408659612,1.15820268062673
-1.01820498896385,0.98900408267282,1.01820498896385,0.98900408267282
-0.954708698931173,0.958166306370312,0.954708698931173,0.958166306370312
-0.857124436393305,0.941430730883909,0.857124436393305,0.941430730883909
-0.623901313476296,-0.851106696178325,0.623901313476296,0.851106696178325
1.06236800057463,0.85013401294153,1.06236800057463,0.85013401294153
-0.682010449095442,0.69321016585907,0.682010449095442,0.69321016585907
0.858752390515666,0.719245523904802,0.858752390515666,0.719245523904802
-1.15769859706389,0.824443211391274,1.15769859706389,0.824443211391274
-1.10878375447443,0.919015548702412,1.10878375447443,0.919015548702412
1.14127133858417,1.09426013373741,1.14127133858417,1.09426013373741
-1.0522988615775,1.09887095235536,1.0522988615775,1.09887095235536
0.835665307851178,0.978295549210518,0.835665307851178,0.978295549210518
0.876758820331185,-0.95075901808532,0.876758820331185,0.95075901808532
-0.766194900809047,0.963503085263172,0.766194900809047,0.963503085263172
-1.04081851135449,0.904216306525304,1.04081851135449,0.904216306525304
1.11224050229855,-1.03589692035423,1.11224050229855,1.03589692035423
-1.0381560959287,-1.06290564750429,1.0381560959287,1.06290564750429
-0.930377280932761,-1.00534417779783,0.930377280932761,1.00534417779783
0.997362662710277,-0.93931907583207,0.997362662710277,0.93931907583207
0.985256190941827,0.905708269634928,0.985256190941827,0.905708269634928
0.982631398694,-0.988496930266598,0.982631398694,0.988496930266598
-0.994484715365414,-0.94224880906427,0.994484715365414,0.94224880906427
-1.03563786318808,-1.20743388680047,1.03563786318808,1.20743388680047
-1.04669430495548,-0.917656301414733,1.04669430495548,0.917656301414733
1.15610069031077,-1.02886638999424,1.15610069031077,1.02886638999424
-0.893091456467269,-0.932216250289935,0.893091456467269,0.932216250289935
-0.986554588805144,-0.967109976704929,0.986554588805144,0.967109976704929
1.10451248379229,-1.02418424987769,1.10451248379229,1.02418424987769
0.748618200835554,-1.02205760468678,0.748618200835554,1.02205760468678
-0.930744235049855,1.01952524077843,0.930744235049855,1.01952524077843
-0.916926882678483,0.800795621436289,0.916926882678483,0.800795621436289
-1.09936669755598,-0.924419555709892,1.09936669755598,0.924419555709892
1.06461917921052,0.969892766720495,1.06461917921052,0.969892766720495
-0.845668332106889,-1.08703256628401,0.845668332106889,1.08703256628401
-0.725526173236856,1.0678241888634,0.725526173236856,1.0678241888634
-0.955835872454119,-1.05203145427884,0.955835872454119,1.05203145427884
-0.822763355085856,0.974618627039448,0.822763355085856,0.974618627039448
-0.966546132077361,0.898096559852161,0.966546132077361,0.898096559852161
-0.85965328418549,0.8860785401236,0.85965328418549,0.8860785401236
-0.980179553887469,0.940897901150484,0.980179553887469,0.940897901150484
-1.08787945167795,0.989705217487988,1.08787945167795,0.989705217487988
-0.932665738744806,0.891424381615552,0.932665738744806,0.891424381615552
-1.11469241561091,0.94264357559615,1.11469241561091,0.94264357559615
-0.917792318604784,0.92975366695776,0.917792318604784,0.92975366695776
1.11694152137994,-1.16433829439996,1.11694152137994,1.16433829439996
-1.01570686657658,0.975357285150695,1.01570686657658,0.975357285150695
-1.07178224950723,0.91635700260909,1.07178224950723,0.91635700260909
0.939196078484746,-1.03435342175601,0.939196078484746,1.03435342175601
0.98785842936723,-1.02199245651359,0.98785842936723,1.02199245651359
1.03740724491446,-1.14827506361859,1.03740724491446,1.14827506361859
1.03482770687294,-1.27168869317296,1.03482770687294,1.27168869317296
-0.95365877462838,-0.991431564450419,0.95365877462838,0.991431564450419
-0.998386571443144,-0.57324779581126,0.998386571443144,0.57324779581126
-0.920676582687929,-1.16045318374983,0.920676582687929,1.16045318374983
-1.01565961455366,1.12565058016791,1.01565961455366,1.12565058016791
0.997978679609942,0.845341339568746,0.997978679609942,0.845341339568746
-0.913038210415912,1.04059889710002,0.913038210415912,1.04059889710002
0.849349321789151,-0.91880745848681,0.849349321789151,0.91880745848681
0.856575323535226,-0.882336679789718,0.856575323535226,0.882336679789718
-1.13360460523699,-0.950179154947719,1.13360460523699,0.950179154947719
0.971061516196255,-1.25801572905144,0.971061516196255,1.25801572905144
-0.946401359619215,-0.930825286384918,0.946401359619215,0.930825286384918
0.833266529481759,-0.990628046603465,0.833266529481759,0.990628046603465
-0.87583120157355,1.01837619650263,0.87583120157355,1.01837619650263
0.968515495499968,0.964993221856559,0.968515495499968,0.964993221856559
0.903040580946415,-1.02098958631482,0.903040580946415,1.02098958631482
-1.08724779351259,-0.869984898490104,1.08724779351259,0.869984898490104
-0.975993464360662,1.10558018807847,0.975993464360662,1.10558018807847
-0.951933549058008,0.978941609036401,0.951933549058008,0.978941609036401
-0.984349340246703,1.02730612958243,0.984349340246703,1.02730612958243
-0.974398521505001,1.00008137396167,0.974398521505001,1.00008137396167
-1.07032137488016,-0.758997815908773,1.07032137488016,0.758997815908773
-1.01178050531406,0.914866232933941,1.01178050531406,0.914866232933941
-0.969756756011107,-0.609554299017762,0.969756756011107,0.609554299017762
-1.0278165342945,-0.843306128388521,1.0278165342945,0.843306128388521
-1.24699168312441,1.15072902900088,1.24699168312441,1.15072902900088
-1.18471367136315,-1.09119530315105,1.18471367136315,1.09119530315105
-1.17632174924034,-0.865573793589895,1.17632174924034,0.865573793589895
0.863598201332882,0.899385961545139,0.863598201332882,0.899385961545139
0.907148790921353,-1.16181814701255,0.907148790921353,1.16181814701255
0.93670584645403,0.869802634081608,0.93670584645403,0.869802634081608
1.13329238684691,1.09288488108323,1.13329238684691,1.09288488108323
0.861066286664021,0.992781639084699,0.861066286664021,0.992781639084699
-1.0255925073368,0.98052018028468,1.0255925073368,0.98052018028468
0.880174735510493,-1.07654848786861,0.880174735510493,1.07654848786861
0.833003773530137,-1.0120127510394,0.833003773530137,1.0120127510394
-1.14107355876021,0.818699164745819,1.14107355876021,0.818699164745819
-1.16815069627045,-0.977991745675192,1.16815069627045,0.977991745675192
-0.886555306401547,0.921139061748874,0.886555306401547,0.921139061748874
-1.23974626683192,0.93497503588787,1.23974626683192,0.93497503588787
-0.895095365600296,1.16971097790417,0.895095365600296,1.16971097790417
-1.01854733495665,-0.886610041705149,1.01854733495665,0.886610041705149
-0.954546653236611,0.882108580051702,0.954546653236611,0.882108580051702
-0.963973655688087,-0.901818034472688,0.963973655688087,0.901818034472688
0.925939108021342,-0.84268272800147,0.925939108021342,0.84268272800147
-0.990486888931266,-0.712158911299143,0.990486888931266,0.712158911299143
0.828128261020854,-1.04790522697346,0.828128261020854,1.04790522697346
0.845511224996897,-0.905623583569791,0.845511224996897,0.905623583569791
-0.780455406281024,0.907896723355666,0.780455406281024,0.907896723355666
-1.13285977458356,0.976828214023576,1.13285977458356,0.976828214023576
-0.988225958761414,0.89421317805014,0.988225958761414,0.89421317805014
-1.03577452229722,-0.899135592843599,1.03577452229722,0.899135592843599
-0.956551592096439,-1.02093780578775,0.956551592096439,1.02093780578775
-1.15020465015315,0.927209685429186,1.15020465015315,0.927209685429186
-0.75345682403078,1.03328726536025,0.75345682403078,1.03328726536025
-0.865198226494208,0.897138836430657,0.865198226494208,0.897138836430657
-1.06883266103604,0.658434023642639,1.06883266103604,0.658434023642639
-0.946573747129298,-0.776716232048346,0.946573747129298,0.776716232048346
-0.762643878853425,-0.954939063004,0.762643878853425,0.954939063004
-1.02759797661351,-0.956797440532087,1.02759797661351,0.956797440532087
-1.07399736385013,1.1372911245215,1.07399736385013,1.1372911245215
-0.852644185490099,0.918283422188099,0.852644185490099,0.918283422188099
-1.01446642683092,1.05019285744762,1.01446642683092,1.05019285744762
-1.06352266333829,0.868023202799276,1.06352266333829,0.868023202799276
-0.801299307096009,-0.885391187552661,0.801299307096009,0.885391187552661
-0.927715311567752,0.787150092299256,0.927715311567752,0.787150092299256
-0.808538694869948,0.89892451741312,0.808538694869948,0.89892451741312
-0.780529156969873,0.737723828042635,0.780529156969873,0.737723828042635
-0.986048820086289,0.893586765841913,0.986048820086289,0.893586765841913
-0.915961933513864,0.6898589016265,0.915961933513864,0.6898589016265
-0.886183908485703,0.909520936935154,0.886183908485703,0.909520936935154
-1.01056679744824,0.670968580030274,1.01056679744824,0.670968580030274
-0.912279262569191,-1.14835822883201,0.912279262569191,1.14835822883201
-0.960432918623585,1.08125541956212,0.960432918623585,1.08125541956212
-0.990232736374523,0.874916553953423,0.990232736374523,0.874916553953423
-0.866964964393298,0.758957652788997,0.866964964393298,0.758957652788997
-0.836498266482756,-0.890243626314508,0.836498266482756,0.890243626314508
-0.843795654223154,-0.938279884016578,0.843795654223154,0.938279884016578
-1.03647289874278,0.801334200300832,1.03647289874278,0.801334200300832
-0.91270624196341,-0.845258643933999,0.91270624196341,0.845258643933999
-0.650938687769773,-0.985994047907447,0.650938687769773,0.985994047907447
-0.841423736350871,0.882363088348201,0.841423736350871,0.882363088348201
-0.880608192552297,0.987179993865533,0.880608192552297,0.987179993865533
-0.916224519318403,0.887746633891879,0.916224519318403,0.887746633891879
-0.948922347693402,0.965958771122508,0.948922347693402,0.965958771122508
-0.992540862537051,0.841726109060944,0.992540862537051,0.841726109060944
-0.719351986442771,-0.768732139356039,0.719351986442771,0.768732139356039
-0.949493841035863,1.23098328608894,0.949493841035863,1.23098328608894
-0.775947065954295,-0.947890840280333,0.775947065954295,0.947890840280333
-1.11276503969044,-1.01815964189135,1.11276503969044,1.01815964189135
-1.14647954904826,-0.958436440006366,1.14647954904826,0.958436440006366
-1.10136608056798,-1.14963564549711,1.10136608056798,1.14963564549711
0.968309114500687,-1.11143292147272,0.968309114500687,1.11143292147272
1.01827731747928,-1.11373216892302,1.01827731747928,1.11373216892302
1.0021493395939,-1.10896111835472,1.0021493395939,1.10896111835472
1.05586029193574,-0.988845946872868,1.05586029193574,0.988845946872868
0.868163501591556,-1.04516454347392,0.868163501591556,1.04516454347392
0.998266800924453,-0.925542279533373,0.998266800924453,0.925542279533373
0.862697830491853,1.11824587975389,0.862697830491853,1.11824587975389
0.789741712861234,1.07091672563661,0.789741712861234,1.07091672563661
-1.06935520503449,1.2483523416027,1.06935520503449,1.2483523416027
-0.88560646762868,-1.00618391640118,0.88560646762868,1.00618391640118
-0.753026692205208,-1.05823642626498,0.753026692205208,1.05823642626498
0.817605899574343,-0.944400377597222,0.817605899574343,0.944400377597222
0.968609478816406,1.10245623604723,0.968609478816406,1.10245623604723
-0.920616299327485,0.862054896419455,0.920616299327485,0.862054896419455
0.858632388935472,-1.02886145858773,0.858632388935472,1.02886145858773
1.09874450953412,0.93042119140352,1.09874450953412,0.93042119140352
-1.05651889973779,-1.21588273798196,1.05651889973779,1.21588273798196
0.943322656084584,-0.824978558467782,0.943322656084584,0.824978558467782
0.68260668324764,1.01575202464724,0.68260668324764,1.01575202464724
-1.18156214472196,0.956333419834487,1.18156214472196,0.956333419834487
-0.876043006701073,0.882305149891245,0.876043006701073,0.882305149891245
-0.806446370027591,0.97964693222995,0.806446370027591,0.97964693222995
-0.957173071959491,0.843658934862316,0.957173071959491,0.843658934862316
-1.22094521752287,0.804726652429713,1.22094521752287,0.804726652429713
-0.879895184660936,0.688078078256056,0.879895184660936,0.688078078256056
-0.922684423688199,-0.848181061623666,0.922684423688199,0.848181061623666
-0.817563967653326,0.806943619786341,0.817563967653326,0.806943619786341
-1.06602953052476,0.847026199497992,1.06602953052476,0.847026199497992
-1.14365521283138,0.957705265556046,1.14365521283138,0.957705265556046
-0.922160125942181,1.04554667554298,0.922160125942181,1.04554667554298
-0.864573880370398,0.922201220892169,0.864573880370398,0.922201220892169
-0.9140029180336,0.870747259520712,0.9140029180336,0.870747259520712
0.797835079434235,0.65403942370897,0.797835079434235,0.65403942370897
0.870250676221636,1.10613268622956,0.870250676221636,1.10613268622956
0.997620739255609,0.966582846688558,0.997620739255609,0.966582846688558
-0.743331557633365,1.11605087908913,0.743331557633365,1.11605087908913
-0.866040334274571,-1.0196456087853,0.866040334274571,1.0196456087853
-0.977778466205535,0.977096380887083,0.977778466205535,0.977096380887083
0.992165203147575,-0.915872645938119,0.992165203147575,0.915872645938119
-0.952426499334238,-0.983094709133151,0.952426499334238,0.983094709133151
0.874054964030971,1.18494773387803,0.874054964030971,1.18494773387803
0.97311387424094,0.946780027086731,0.97311387424094,0.946780027086731
0.673472422416928,0.928855766607649,0.673472422416928,0.928855766607649
0.918548359421907,0.997422660946283,0.918548359421907,0.997422660946283
0.873364559451502,0.958213630258606,0.873364559451502,0.958213630258606
-0.978285060496783,0.979440858872624,0.978285060496783,0.979440858872624
-0.942656344676486,1.00039115923427,0.942656344676486,1.00039115923427
-0.912056306772966,0.95382248195656,0.912056306772966,0.95382248195656
-0.955925245120584,0.889226290487926,0.955925245120584,0.889226290487926
-0.855229176177097,0.871770909929931,0.855229176177097,0.871770909929931
-0.861290892599221,-1.0440989504767,0.861290892599221,1.0440989504767
-0.966217440957319,-0.925688382424207,0.966217440957319,0.925688382424207
-0.594627715212945,-1.13079671002889,0.594627715212945,1.13079671002889
0.881367004388086,-1.03077214815691,0.881367004388086,1.03077214815691
-0.631875770375227,-1.10044721510489,0.631875770375227,1.10044721510489
-0.927930413093935,-0.9527683595035,0.927930413093935,0.9527683595035
-0.825336377969894,0.980858254767331,0.825336377969894,0.980858254767331
-0.799497811287782,1.15471448268472,0.799497811287782,1.15471448268472
1.30953488092844,0.988259556312667,1.30953488092844,0.988259556312667
0.978883997254786,0.871853995556033,0.978883997254786,0.871853995556033
0.813443836349207,0.895893308858327,0.813443836349207,0.895893308858327
0.981710424422271,1.07429519187955,0.981710424422271,1.07429519187955
-0.950637764470333,1.03658875756293,0.950637764470333,1.03658875756293
-0.996934524932284,1.15681092880232,0.996934524932284,1.15681092880232
0.90273074073351,-0.993720242319643,0.90273074073351,0.993720242319643
-0.931889044144214,-0.923618297527377,0.931889044144214,0.923618297527377
0.92747252661263,-0.933107376049913,0.92747252661263,0.933107376049913
-0.958215120852043,-0.774100460584546,0.958215120852043,0.774100460584546
-0.944339388005093,-0.992133325639198,0.944339388005093,0.992133325639198
-1.11932867383595,-0.97571602153931,1.11932867383595,0.97571602153931
0.878151764226982,-0.970565305188373,0.878151764226982,0.970565305188373
0.812719210381554,-0.93032683522606,0.812719210381554,0.93032683522606
-1.01242687633817,-0.847140445904535,1.01242687633817,0.847140445904535
-0.874719696812895,-0.910078607532001,0.874719696812895,0.910078607532001
1.06775043765485,1.09694340114007,1.06775043765485,1.09694340114007
1.24289125176406,-0.6603209546735,1.24289125176406,0.6603209546735
-1.10593694305098,1.15619375287294,1.10593694305098,1.15619375287294
-1.0739261551243,0.901790194865501,1.0739261551243,0.901790194865501
-1.0179210409743,0.930246259701339,1.0179210409743,0.930246259701339
-0.920408808345217,-0.879430754205514,0.920408808345217,0.879430754205514
-0.848210715396359,-0.949845578178504,0.848210715396359,0.949845578178504
0.823550608735296,-0.918118674094784,0.823550608735296,0.918118674094784
-0.883228027100013,-0.814999701643513,0.883228027100013,0.814999701643513
-0.906987083950023,-0.951389821130355,0.906987083950023,0.951389821130355
-0.828324982977032,1.09146665043049,0.828324982977032,1.09146665043049
-1.00950765506864,1.27778594281495,1.00950765506864,1.27778594281495
-0.728451342597736,-1.06391912147327,0.728451342597736,1.06391912147327
-0.76178793802173,-1.07227495929228,0.76178793802173,1.07227495929228
-0.994212527417252,-0.969661067431846,0.994212527417252,0.969661067431846
1.04241686838704,0.82517102832376,1.04241686838704,0.82517102832376
-0.871313528904596,0.793998730416802,0.871313528904596,0.793998730416802
-0.786120521055064,0.741975815630493,0.786120521055064,0.741975815630493
-0.791395183168065,0.895002501414882,0.791395183168065,0.895002501414882
-1.03450319025219,-0.887262255971787,1.03450319025219,0.887262255971787
-1.055310947231,-0.978115239382854,1.055310947231,0.978115239382854
1.01848690604585,-1.02330516955117,1.01848690604585,1.02330516955117
-0.980566638527816,-0.691897366939374,0.980566638527816,0.691897366939374
-0.95043067895112,-0.900661790349252,0.95043067895112,0.900661790349252
0.819277555200819,-0.910183566914565,0.819277555200819,0.910183566914565
1.01577558908845,-0.8929666675678,1.01577558908845,0.8929666675678
-0.809133795266963,-0.745946945345692,0.809133795266963,0.745946945345692
0.804572154302768,-0.803282260620623,0.804572154302768,0.803282260620623
0.796808354474464,-0.701319249397384,0.796808354474464,0.701319249397384
-0.987016940944783,-0.851525081568633,0.987016940944783,0.851525081568633
0.869370432303028,1.05276071536328,0.869370432303028,1.05276071536328
0.702612599735318,1.03868068138316,0.702612599735318,1.03868068138316
0.963480213827833,-0.88271462110567,0.963480213827833,0.88271462110567
-1.17525491463066,-0.801496043677504,1.17525491463066,0.801496043677504
-0.786304017967199,-0.781133996494113,0.786304017967199,0.781133996494113
1.11391619578494,1.05185870559598,1.11391619578494,1.05185870559598
1.16237374116532,0.969883218093161,1.16237374116532,0.969883218093161
1.01269192390273,-1.23166984609152,1.01269192390273,1.23166984609152
1.05772771286479,-1.26163644586641,1.05772771286479,1.26163644586641
-0.984923661054191,-0.940188324073307,0.984923661054191,0.940188324073307
0.935998368139499,-0.966060007711495,0.935998368139499,0.966060007711495
-1.15511875405837,-0.978232082026022,1.15511875405837,0.978232082026022
-0.887681480097077,-0.915850264096169,0.887681480097077,0.915850264096169
-0.876365446607236,1.02100327648081,0.876365446607236,1.02100327648081
-1.03582613599246,-1.00382827257728,1.03582613599246,1.00382827257728
-1.05748831910855,-1.09328063163389,1.05748831910855,1.09328063163389
-0.765395066080313,-0.990905834559543,0.765395066080313,0.990905834559543
-0.780138152507611,-0.928407987186179,0.780138152507611,0.928407987186179
1.05379353529169,-0.927775960029392,1.05379353529169,0.927775960029392
-0.988718302425529,0.863042446521331,0.988718302425529,0.863042446521331
-1.25346512341087,-0.906280270513072,1.25346512341087,0.906280270513072
0.983840852594156,-0.764385277079534,0.983840852594156,0.764385277079534
0.955359782562611,-0.891763964169203,0.955359782562611,0.891763964169203
1.20253648323415,-0.948108217760443,1.20253648323415,0.948108217760443
1.26958841479074,0.759166767441687,1.26958841479074,0.759166767441687
0.996597606499724,1.06957092258718,0.996597606499724,1.06957092258718
-1.0617171826578,0.881674076322759,1.0617171826578,0.881674076322759
-1.00654072210706,0.632857738025206,1.00654072210706,0.632857738025206
-0.873608128887492,0.908189962141471,0.873608128887492,0.908189962141471
1.27534875859922,0.755732106881151,1.27534875859922,0.755732106881151
-0.77866908997676,0.685097837791686,0.77866908997676,0.685097837791686
1.02726542107958,0.881853134888753,1.02726542107958,0.881853134888753
-1.03711373913352,0.626130029805506,1.03711373913352,0.626130029805506
-1.1666670927252,0.891438881110024,1.1666670927252,0.891438881110024
0.862620828047327,1.0516255733798,0.862620828047327,1.0516255733798
-0.838406429912003,-1.14420823914685,0.838406429912003,1.14420823914685
-1.14228453351986,-0.951895133675311,1.14228453351986,0.951895133675311
-1.09085837131612,0.881505032625749,1.09085837131612,0.881505032625749
-1.01366245885119,0.934840279010864,1.01366245885119,0.934840279010864
-0.940247156687951,-0.67357039970725,0.940247156687951,0.67357039970725
0.955098794028414,-1.01871288137751,0.955098794028414,1.01871288137751
-0.872759152759802,0.923544128139916,0.872759152759802,0.923544128139916
-1.16063318197501,-1.00572992392757,1.16063318197501,1.00572992392757
1.0087155551683,-1.04773639114215,1.0087155551683,1.04773639114215
-0.90486188123646,0.934123140932874,0.90486188123646,0.934123140932874
1.15400420581896,-0.98176356846705,1.15400420581896,0.98176356846705
-0.931556398391168,-0.81069130832072,0.931556398391168,0.81069130832072
-0.874611734845628,0.949173382746618,0.874611734845628,0.949173382746618
-0.848292231191691,-0.87168196259736,0.848292231191691,0.87168196259736
-1.11492142181961,0.884130660157109,1.11492142181961,0.884130660157109
-0.904501291475102,1.05500699761936,0.904501291475102,1.05500699761936
0.817292587054052,-0.824442904227185,0.817292587054052,0.824442904227185
0.965160785987832,1.05552147088155,0.965160785987832,1.05552147088155
-0.882807208408197,-0.734286653740471,0.882807208408197,0.734286653740471
-0.920550242848185,1.04958103104855,0.920550242848185,1.04958103104855
-1.13581092021736,-0.994253825760743,1.13581092021736,0.994253825760743
-1.14358203747847,-0.997807171153928,1.14358203747847,0.997807171153928
-0.966032154543803,-0.860495122345441,0.966032154543803,0.860495122345441
-0.825150399364891,0.884220539687969,0.825150399364891,0.884220539687969
-0.774844731860193,0.976672384372454,0.774844731860193,0.976672384372454
-0.986658254417118,1.10093277004164,0.986658254417118,1.10093277004164
0.971906346403786,0.89199300366142,0.971906346403786,0.89199300366142
-0.927641769002089,0.962229716056746,0.927641769002089,0.962229716056746
-0.917397313566657,0.903746960335721,0.917397313566657,0.903746960335721
-1.14231977771952,0.860927804052226,1.14231977771952,0.860927804052226
-0.851229740329177,0.930864481950456,0.851229740329177,0.930864481950456
-0.864237324766452,-0.918133427245728,0.864237324766452,0.918133427245728
-0.920406453424386,-0.838694306079615,0.920406453424386,0.838694306079615
-0.806808972217247,-0.811401763484473,0.806808972217247,0.811401763484473
0.830768887734675,-0.85063620795678,0.830768887734675,0.85063620795678
-0.763317709568278,0.899567267744142,0.763317709568278,0.899567267744142
-0.886102334268685,0.797521238971548,0.886102334268685,0.797521238971548
-0.917388552932278,1.07222151606553,0.917388552932278,1.07222151606553
-0.739765927331332,-0.808569711499545,0.739765927331332,0.808569711499545
-0.959688579272621,-1.13320431784924,0.959688579272621,1.13320431784924
-0.959870413585626,-0.97747044692999,0.959870413585626,0.97747044692999
-0.808609005650437,-0.820745263778853,0.808609005650437,0.820745263778853
-0.773791071307409,0.975563985313734,0.773791071307409,0.975563985313734
-0.737236633638809,-0.859705367286067,0.737236633638809,0.859705367286067
-0.786566983571066,0.785882133324654,0.786566983571066,0.785882133324654
-0.799154249933441,0.967844874379183,0.799154249933441,0.967844874379183
-0.867998765308915,-0.992907357695293,0.867998765308915,0.992907357695293
-0.950010470013868,-1.00195674384602,0.950010470013868,1.00195674384602
0.821586059689973,0.809517823345158,0.821586059689973,0.809517823345158
0.774023578653992,-0.81397999917938,0.774023578653992,0.81397999917938
-0.845872563995358,-0.896760156908583,0.845872563995358,0.896760156908583
1.03374163697862,-1.21449727540341,1.03374163697862,1.21449727540341
0.953239567786211,-1.23191746095918,0.953239567786211,1.23191746095918
0.788404031525358,1.06287529816669,0.788404031525358,1.06287529816669
-0.918980542969965,1.03289627625881,0.918980542969965,1.03289627625881
-1.00900345088787,-0.991669858570993,1.00900345088787,0.991669858570993
0.871718531567545,-1.05239500438201,0.871718531567545,1.05239500438201
-1.02963921259893,-1.05910774821865,1.02963921259893,1.05910774821865
-0.802065368744485,-0.992496559477574,0.802065368744485,0.992496559477574
-0.893381221006355,-0.998747625297802,0.893381221006355,0.998747625297802
-1.07699185268513,0.917467582374764,1.07699185268513,0.917467582374764
-0.997941653414484,1.01263139202295,0.997941653414484,1.01263139202295
-0.947892212972416,0.753525446790115,0.947892212972416,0.753525446790115
-0.97987526458741,0.781299887282301,0.97987526458741,0.781299887282301
-0.96032720782901,-1.07860594374551,0.96032720782901,1.07860594374551
-0.952749416424122,0.777829614702036,0.952749416424122,0.777829614702036
-1.14934656437877,-1.13464084569921,1.14934656437877,1.13464084569921
-1.07962176577473,-1.09151625698081,1.07962176577473,1.09151625698081
-1.24596849581769,-1.00330581137295,1.24596849581769,1.00330581137295
-1.091318151652,-0.966653514831045,1.091318151652,0.966653514831045
-0.856489151707095,-0.860222387033164,0.856489151707095,0.860222387033164
-1.05527059782336,0.825967500993137,1.05527059782336,0.825967500993137
-0.859801630621574,-0.987485652480044,0.859801630621574,0.987485652480044
-1.05622747860228,0.87482695436896,1.05622747860228,0.87482695436896
-0.866644506283709,-1.09089483581934,0.866644506283709,1.09089483581934
-0.92746039240076,-0.902780236391807,0.92746039240076,0.902780236391807
-0.865324439728913,-0.844711190675738,0.865324439728913,0.844711190675738
0.770258159561889,-0.88776477841878,0.770258159561889,0.88776477841878
-0.984802588933832,0.917788009010622,0.984802588933832,0.917788009010622
0.966461730196651,0.9109194136713,0.966461730196651,0.9109194136713
1.04546729595266,0.815605819417356,1.04546729595266,0.815605819417356
-1.00541900128751,-0.846384292061781,1.00541900128751,0.846384292061781
-1.03655481862652,-0.759647286189237,1.03655481862652,0.759647286189237
-0.927499183390759,-0.805872154840088,0.927499183390759,0.805872154840088
-0.81807624513372,0.828418782072459,0.81807624513372,0.828418782072459
-0.745022936007206,0.816747069854492,0.745022936007206,0.816747069854492
0.904461096390142,-1.13786158300377,0.904461096390142,1.13786158300377
1.07942458241148,-1.02249366268011,1.07942458241148,1.02249366268011
0.850358428078989,-1.01869471387394,0.850358428078989,1.01869471387394
0.906078707331933,-1.08714276579144,0.906078707331933,1.08714276579144
0.768579863198206,-0.834030646867823,0.768579863198206,0.834030646867823
0.96636944726398,0.801547195122478,0.96636944726398,0.801547195122478
-1.0768375818918,1.17003892184061,1.0768375818918,1.17003892184061
-0.920489103176434,-1.05947163159782,0.920489103176434,1.05947163159782
-0.759751136529195,-0.983557625157886,0.759751136529195,0.983557625157886
-0.959543563904865,1.04880510920562,0.959543563904865,1.04880510920562
-0.968071311223852,-0.811776073810667,0.968071311223852,0.811776073810667
-0.747069934925213,-0.894382603156668,0.747069934925213,0.894382603156668
-0.783672713110393,-0.822667116060913,0.783672713110393,0.822667116060913
0.933152964454445,0.975057178443159,0.933152964454445,0.975057178443159
-0.871336180063009,-0.950485001283745,0.871336180063009,0.950485001283745
-0.932509865950147,-0.906519435698711,0.932509865950147,0.906519435698711
-0.86587619131956,-0.96362349120114,0.86587619131956,0.96362349120114
-1.08569944497476,0.860381827154444,1.08569944497476,0.860381827154444
-0.934413873589094,0.877774122873825,0.934413873589094,0.877774122873825
-0.914438215839475,0.790684961406207,0.914438215839475,0.790684961406207
-0.981703812850495,0.915444187133148,0.981703812850495,0.915444187133148
-0.907817405208395,0.88813280389545,0.907817405208395,0.88813280389545
-0.926952788586723,0.789089809425328,0.926952788586723,0.789089809425328
-0.890820125163052,0.944185225679939,0.890820125163052,0.944185225679939
-0.774772438007846,-0.842697671955526,0.774772438007846,0.842697671955526
-0.699675592286937,-0.906408634246649,0.699675592286937,0.906408634246649
-0.872817828211453,-0.966107098129893,0.872817828211453,0.966107098129893
-1.05975965360583,-1.05296736509254,1.05975965360583,1.05296736509254
-1.01810105927682,-1.02819128322884,1.01810105927682,1.02819128322884
-0.97346997007375,-0.751127693437554,0.97346997007375,0.751127693437554
-0.915906720874381,-0.825713817033748,0.915906720874381,0.825713817033748
-0.899538416633741,-0.794989318593232,0.899538416633741,0.794989318593232
-1.0105074984834,-0.997178557651964,1.0105074984834,0.997178557651964
1.0416980019733,-0.845046890066327,1.0416980019733,0.845046890066327
-0.915145844777228,-1.12025749614271,0.915145844777228,1.12025749614271
-0.824871066978596,-1.23259668926761,0.824871066978596,1.23259668926761
-1.0200852394155,-0.775381580014112,1.0200852394155,0.775381580014112
-0.908208158034382,0.993611140937046,0.908208158034382,0.993611140937046
-1.14594142459039,0.966646731044077,1.14594142459039,0.966646731044077
-1.02553032700269,1.01877353800005,1.02553032700269,1.01877353800005
-1.032642303456,0.998333412583812,1.032642303456,0.998333412583812
-1.19573701289785,0.812398668851867,1.19573701289785,0.812398668851867
-0.95475340119871,0.952180354693817,0.95475340119871,0.952180354693817
-1.19232202070755,1.06418987137899,1.19232202070755,1.06418987137899
-1.21666579944246,-1.11803252669959,1.21666579944246,1.11803252669959
-0.942282966249808,-1.02242243361132,0.942282966249808,1.02242243361132
-0.907854505534777,-1.003018590567,0.907854505534777,1.003018590567
-0.979360096583417,-1.0811781162287,0.979360096583417,1.0811781162287
-1.0579714295847,1.12037475638762,1.0579714295847,1.12037475638762
-0.90522355361271,-0.923798545791439,0.90522355361271,0.923798545791439
-0.716599784188144,1.12096948060499,0.716599784188144,1.12096948060499
-0.884192428995484,0.706517056345567,0.884192428995484,0.706517056345567
1.19117193803147,0.72859647438818,1.19117193803147,0.72859647438818
1.17321937873482,-1.1239560102681,1.17321937873482,1.1239560102681
0.974339646367376,1.01644199433977,0.974339646367376,1.01644199433977
1.06171361880837,-0.8565118398525,1.06171361880837,0.8565118398525
1.03329417614402,-0.873185986522166,1.03329417614402,0.873185986522166
1.05048826584709,0.852891669951814,1.05048826584709,0.852891669951814
0.934424558069854,0.850835297849402,0.934424558069854,0.850835297849402
-0.637206791606911,-1.01137555254341,0.637206791606911,1.01137555254341
-0.850081904549168,-0.969102316284738,0.850081904549168,0.969102316284738
0.987372354115212,1.02463879431089,0.987372354115212,1.02463879431089
0.955706035527149,-0.787575615199915,0.955706035527149,0.787575615199915
-0.807104848276654,-0.848511720309755,0.807104848276654,0.848511720309755
-0.836117094464344,1.06495393169032,0.836117094464344,1.06495393169032
-1.03404494155342,0.92441908164075,1.03404494155342,0.92441908164075
-1.03532960392474,0.949688186899004,1.03532960392474,0.949688186899004
-0.993721530392156,0.765344718828832,0.993721530392156,0.765344718828832
0.964154152085462,-0.743968210590149,0.964154152085462,0.743968210590149
0.901722066372409,-0.832119349134291,0.901722066372409,0.832119349134291
0.863524239056144,-0.549048334951875,0.863524239056144,0.549048334951875
-0.864452391176709,-0.59633639410961,0.864452391176709,0.59633639410961
0.948638029673404,-0.791448839733838,0.948638029673404,0.791448839733838
0.986228483497646,0.96158405015994,0.986228483497646,0.96158405015994
-0.924735159203353,-0.657933043579369,0.924735159203353,0.657933043579369
-1.02447513126786,-0.900944278701324,1.02447513126786,0.900944278701324
0.711279800401254,-0.811375526489888,0.711279800401254,0.811375526489888
0.944408722004376,1.12341632071733,0.944408722004376,1.12341632071733
0.910581909530292,1.09267427097444,0.910581909530292,1.09267427097444
0.885578328629955,1.06585664412524,0.885578328629955,1.06585664412524
-0.855936347161947,0.837667300073171,0.855936347161947,0.837667300073171
-0.920895175717692,1.0822841215581,0.920895175717692,1.0822841215581
-1.06406807749793,1.05381135582825,1.06406807749793,1.05381135582825
-1.01661957327093,1.23209502777442,1.01661957327093,1.23209502777442
1.06654841707934,1.00380644830815,1.06654841707934,1.00380644830815
1.0202717584258,1.13567161308419,1.0202717584258,1.13567161308419
-0.832975761277272,1.2211237639033,0.832975761277272,1.2211237639033
-0.949216726220861,-0.923750679498503,0.949216726220861,0.923750679498503
-0.972929606568141,-0.972849266733638,0.972929606568141,0.972849266733638
-0.871578890910814,-0.935625101056571,0.871578890910814,0.935625101056571
-1.07093980211434,-0.839253772997221,1.07093980211434,0.839253772997221
-1.02746086670659,-0.875675849472507,1.02746086670659,0.875675849472507
-1.02590850912876,0.875319543337122,1.02590850912876,0.875319543337122
-1.13272316507775,-0.913625727763167,1.13272316507775,0.913625727763167
-0.977662716702013,-0.935724738626941,0.977662716702013,0.935724738626941
-0.693566138688464,1.04902221243265,0.693566138688464,1.04902221243265
-1.05867543087439,0.81035228993905,1.05867543087439,0.81035228993905
-0.868648590773902,0.970090693246754,0.868648590773902,0.970090693246754
-0.9491958690505,0.819484164221977,0.9491958690505,0.819484164221977
-1.07132105014034,0.807053792041,1.07132105014034,0.807053792041
-1.04033321533485,0.861002982273362,1.04033321533485,0.861002982273362
-1.06037048762025,0.814004862200277,1.06037048762025,0.814004862200277
-1.02232610770389,0.91570258969611,1.02232610770389,0.91570258969611
1.00896005991683,-0.926576253209781,1.00896005991683,0.926576253209781
0.791975181271711,-0.972841122827426,0.791975181271711,0.972841122827426
0.928733476126597,0.905724688760322,0.928733476126597,0.905724688760322
0.921318285536071,-0.910842055970528,0.921318285536071,0.910842055970528
-0.96421882190653,0.963155629537211,0.96421882190653,0.963155629537211
-1.1035119631827,0.999111830499815,1.1035119631827,0.999111830499815
1.02052456097032,0.939334504873392,1.02052456097032,0.939334504873392
1.11350834038372,0.98405854602163,1.11350834038372,0.98405854602163
1.01091622189806,0.991996008648429,1.01091622189806,0.991996008648429
0.945132220363586,-0.961705329308065,0.945132220363586,0.961705329308065
0.929457307332864,-1.05999442536234,0.929457307332864,1.05999442536234
0.931627178936092,1.05473539831091,0.931627178936092,1.05473539831091
0.887981294180611,1.14117473929014,0.887981294180611,1.14117473929014
-0.920323591739546,-0.795178475739131,0.920323591739546,0.795178475739131
-0.941105409779686,-1.04499367891655,0.941105409779686,1.04499367891655
-0.807670659404672,-0.938827889292566,0.807670659404672,0.938827889292566
0.837763664517039,-1.14151544796109,0.837763664517039,1.14151544796109
0.856307014762006,-0.843152454235416,0.856307014762006,0.843152454235416
-1.04960026107663,1.23503894927361,1.04960026107663,1.23503894927361
-0.984791345574023,1.19233444310057,0.984791345574023,1.19233444310057
-0.766517041230745,1.26108420250709,0.766517041230745,1.26108420250709
-0.947843288315876,-1.00185071848591,0.947843288315876,1.00185071848591
-0.844056231051353,0.730033115715156,0.844056231051353,0.730033115715156
-0.865245440763654,1.05014635619134,0.865245440763654,1.05014635619134
-0.852932267559026,-0.812942629048015,0.852932267559026,0.812942629048015
-1.01285979789127,-0.856036722707583,1.01285979789127,0.856036722707583
-1.14516866544139,0.772851416128507,1.14516866544139,0.772851416128507
-0.881950209455741,-1.05064638850813,0.881950209455741,1.05064638850813
-0.856454645405644,-1.04070430693987,0.856454645405644,1.04070430693987
-0.900492726241335,-1.24150558109077,0.900492726241335,1.24150558109077
-0.980918154026691,0.483145898155598,0.980918154026691,0.483145898155598
-0.952775031446732,-1.05901092908132,0.952775031446732,1.05901092908132
-1.08051970869973,0.882546924418041,1.08051970869973,0.882546924418041
-1.16041634824983,0.881650204097969,1.16041634824983,0.881650204097969
-0.915432097174688,-1.12863598673962,0.915432097174688,1.12863598673962
-0.840477118494755,0.859299298345504,0.840477118494755,0.859299298345504
-0.795630003835298,-1.07596978155323,0.795630003835298,1.07596978155323
-0.990581109111186,-0.910594099152325,0.990581109111186,0.910594099152325
-0.855971977487544,-0.988679757494717,0.855971977487544,0.988679757494717
-1.20259409768206,-0.977706922241417,1.20259409768206,0.977706922241417
-1.05956085342188,-0.89647553154869,1.05956085342188,0.89647553154869
-0.765876240572258,-0.758098275363952,0.765876240572258,0.758098275363952
0.845776216591986,-0.961988097715609,0.845776216591986,0.961988097715609
0.915947585691676,-1.00445205807353,0.915947585691676,1.00445205807353
0.991478488210648,-1.00658825273216,0.991478488210648,1.00658825273216
1.08457350844995,1.01526621744273,1.08457350844995,1.01526621744273
0.975390042416532,-0.932617609674503,0.975390042416532,0.932617609674503
-0.690615042152856,-1.035234927005,0.690615042152856,1.035234927005
-0.813499408054702,-0.928708617229804,0.813499408054702,0.928708617229804
-0.932888045808033,-0.862543512759662,0.932888045808033,0.862543512759662
-0.729902451735292,-0.940858789630421,0.729902451735292,0.940858789630421
0.791908487253747,-1.12255900018838,0.791908487253747,1.12255900018838
1.04793675356435,0.99990343645278,1.04793675356435,0.99990343645278
1.05967982814171,-1.13390502490982,1.05967982814171,1.13390502490982
-0.910322649107162,-0.824901801672656,0.910322649107162,0.824901801672656
-0.802214927210987,-0.927227730227336,0.802214927210987,0.927227730227336
-0.715476443762557,-0.853902154771389,0.715476443762557,0.853902154771389
-0.952100636239049,-0.925830869611601,0.952100636239049,0.925830869611601
-0.763511064317333,0.936591974956501,0.763511064317333,0.936591974956501
-0.848885340318579,1.03386553741429,0.848885340318579,1.03386553741429
-0.714133743239605,0.950766532748144,0.714133743239605,0.950766532748144
-0.68907681137375,0.882740383112087,0.68907681137375,0.882740383112087
-0.670481557196737,0.952522292115236,0.670481557196737,0.952522292115236
-0.966709956412752,0.872558435361326,0.966709956412752,0.872558435361326
-0.822559674961566,-0.566455825005899,0.822559674961566,0.566455825005899
-0.972363445216863,0.900202459968709,0.972363445216863,0.900202459968709
-0.99336861431062,1.00530833258532,0.99336861431062,1.00530833258532
-0.994293576884627,-1.07867521438058,0.994293576884627,1.07867521438058
-0.968137611231275,-0.956330235318184,0.968137611231275,0.956330235318184
-1.15382723227572,-0.816308524685582,1.15382723227572,0.816308524685582
-1.04510496590064,-1.01110453654739,1.04510496590064,1.01110453654739
-0.889841767677287,-1.09994402693808,0.889841767677287,1.09994402693808
-0.955797389860447,0.939976777565273,0.955797389860447,0.939976777565273
-1.26298106358173,-0.962495007272299,1.26298106358173,0.962495007272299
-0.872113592937894,-0.959916530643925,0.872113592937894,0.959916530643925
-0.931911086099403,-1.02472417192043,0.931911086099403,1.02472417192043
-0.96439513950786,-0.961798254393385,0.96439513950786,0.961798254393385
1.12487545920715,-0.851221730831823,1.12487545920715,0.851221730831823
1.05260014714414,-0.988105767317101,1.05260014714414,0.988105767317101
-1.04052814885012,1.21886768738662,1.04052814885012,1.21886768738662
-0.79245767818333,-0.78376684823685,0.79245767818333,0.78376684823685
-0.818673528944928,-1.01365361067147,0.818673528944928,1.01365361067147
-1.20414737453863,-1.12515924627125,1.20414737453863,1.12515924627125
-1.29142975437486,-0.844380909349415,1.29142975437486,0.844380909349415
0.888850566176679,-0.821046942058277,0.888850566176679,0.821046942058277
-0.84092794972378,-0.889700881029965,0.84092794972378,0.889700881029965
-0.759133741785863,0.829535575054993,0.759133741785863,0.829535575054993
-0.893830099041941,0.876072081625175,0.893830099041941,0.876072081625175
-1.17857491483534,-0.898712989493804,1.17857491483534,0.898712989493804
-1.12285282288443,-0.854208810223073,1.12285282288443,0.854208810223073
-0.935908426273001,-0.990758431744392,0.935908426273001,0.990758431744392
0.737460255758144,-0.743144007642049,0.737460255758144,0.743144007642049
-1.08680356848695,-0.747672833652001,1.08680356848695,0.747672833652001
-0.80179022253108,0.75886400091083,0.80179022253108,0.75886400091083
-0.921981379152681,0.803385007979867,0.921981379152681,0.803385007979867
-0.933249210880148,0.981047982181666,0.933249210880148,0.981047982181666
0.86673472093649,1.05315145204168,0.86673472093649,1.05315145204168
-1.03842339120417,0.872659520575277,1.03842339120417,0.872659520575277
1.06615136447784,-1.02127553715665,1.06615136447784,1.02127553715665
0.98832272197515,0.732270083326939,0.98832272197515,0.732270083326939
0.808630178333556,-0.950508768730317,0.808630178333556,0.950508768730317
-1.03132048736292,1.14005487686109,1.03132048736292,1.14005487686109
1.05934445418348,1.15069423411272,1.05934445418348,1.15069423411272
-0.971550921853881,-0.776524894803313,0.971550921853881,0.776524894803313
-0.780210169390575,0.864906250051267,0.780210169390575,0.864906250051267
-0.870169400407179,0.777806089761698,0.870169400407179,0.777806089761698
-0.960962350064466,0.732555827332043,0.960962350064466,0.732555827332043
1.07197457566925,1.03745409413691,1.07197457566925,1.03745409413691
0.889880543959139,0.840408072317063,0.889880543959139,0.840408072317063
0.7951841965257,0.989679552290523,0.7951841965257,0.989679552290523
0.746241991881787,0.839911090584338,0.746241991881787,0.839911090584338
0.864095818960492,0.835818698368478,0.864095818960492,0.835818698368478
0.864630784146238,-0.574700510466625,0.864630784146238,0.574700510466625
-1.0053092846247,0.659085089968348,1.0053092846247,0.659085089968348
0.907465005414854,1.09727325202724,0.907465005414854,1.09727325202724
-0.98521847446054,0.835641201963671,0.98521847446054,0.835641201963671
-0.867355414646257,1.12731152195646,0.867355414646257,1.12731152195646
-0.890291394811618,0.853497823271699,0.890291394811618,0.853497823271699
-0.988124059163504,-0.932125855630063,0.988124059163504,0.932125855630063
-1.07100988351859,-1.00524386873689,1.07100988351859,1.00524386873689
0.869707541141933,-1.06811319908406,0.869707541141933,1.06811319908406
0.811890284584834,-0.690152029946253,0.811890284584834,0.690152029946253
-0.883220220174248,-1.16611439854127,0.883220220174248,1.16611439854127
-0.929770463575155,-1.05682054423178,0.929770463575155,1.05682054423178
-1.16933611919337,-1.07010234810457,1.16933611919337,1.07010234810457
-0.815435722764307,0.870929326101395,0.815435722764307,0.870929326101395
0.712515786529466,0.801652418001774,0.712515786529466,0.801652418001774
-0.982905818136093,0.793926307852337,0.982905818136093,0.793926307852337
0.976673996964324,0.731599247733583,0.976673996964324,0.731599247733583
1.07763963315861,-0.948338559232222,1.07763963315861,0.948338559232222
1.00432882312174,-0.907722710844527,1.00432882312174,0.907722710844527
1.02436602699356,0.680289566116403,1.02436602699356,0.680289566116403
1.02888340265495,-1.03371010592195,1.02888340265495,1.03371010592195
-1.04210256991916,0.964770730207673,1.04210256991916,0.964770730207673
-1.12394656444286,1.0292865244047,1.12394656444286,1.0292865244047
-1.22034089562715,1.00077738405723,1.22034089562715,1.00077738405723
-0.952443323507055,0.892838595798639,0.952443323507055,0.892838595798639
-1.13852160887601,-0.938612656915961,1.13852160887601,0.938612656915961
-0.843299198104137,1.05486890943283,0.843299198104137,1.05486890943283
-0.766816669881648,-0.965737035834181,0.766816669881648,0.965737035834181
-1.02453921902147,0.977046628142076,1.02453921902147,0.977046628142076
-0.99054969188837,0.812287933382859,0.99054969188837,0.812287933382859
-1.13620424712656,0.804709507729302,1.13620424712656,0.804709507729302
-1.06094394538037,-0.769673913221701,1.06094394538037,0.769673913221701
1.19975832477979,1.04841766136083,1.19975832477979,1.04841766136083
0.999151596028632,0.776515668068022,0.999151596028632,0.776515668068022
1.13934251052721,-1.09101030481762,1.13934251052721,1.09101030481762
0.917230952024909,-1.00478676160519,0.917230952024909,1.00478676160519
0.966445119458527,0.75469444860571,0.966445119458527,0.75469444860571
-1.12294278169034,0.679992375287264,1.12294278169034,0.679992375287264
-0.95566232929622,0.602208302668703,0.95566232929622,0.602208302668703
-0.969865863105414,0.735795006909884,0.969865863105414,0.735795006909884
-0.724486882016005,0.875352779660171,0.724486882016005,0.875352779660171
-0.859418448677481,0.934623448901117,0.859418448677481,0.934623448901117
0.97486794169367,0.890140755269533,0.97486794169367,0.890140755269533
1.06759973248446,-0.903183557339233,1.06759973248446,0.903183557339233
1.01240508955266,-0.957322764786297,1.01240508955266,0.957322764786297
1.01922020619616,1.09487874559631,1.01922020619616,1.09487874559631
0.819957469725738,-1.16737330460933,0.819957469725738,1.16737330460933
0.82493995340797,0.80001767728754,0.82493995340797,0.80001767728754
0.723202242374831,-1.05236667644607,0.723202242374831,1.05236667644607
0.847618243853694,-0.93759944591758,0.847618243853694,0.93759944591758
-0.902328228973178,0.860128539164291,0.902328228973178,0.860128539164291
-0.873330476874707,1.12817475939611,0.873330476874707,1.12817475939611
-1.01559226948587,0.897650022472746,1.01559226948587,0.897650022472746
0.803514842990256,0.876337217117952,0.803514842990256,0.876337217117952
0.991615312703478,0.853006230986134,0.991615312703478,0.853006230986134
0.941366985375409,-1.07183101124451,0.941366985375409,1.07183101124451
0.705174775791706,-0.777660501651899,0.705174775791706,0.777660501651899
-0.794827130914613,-1.00695579475312,0.794827130914613,1.00695579475312
-0.942060635902739,0.870309462764936,0.942060635902739,0.870309462764936
-0.895453042091921,0.915837035510686,0.895453042091921,0.915837035510686
-1.0633607148028,-0.949079992089046,1.0633607148028,0.949079992089046
-1.00560132683666,0.957077162308919,1.00560132683666,0.957077162308919
-0.887142173505834,1.08221555846754,0.887142173505834,1.08221555846754
-0.959791085382522,-1.04408376754105,0.959791085382522,1.04408376754105
1.00033572134734,-1.02200445972497,1.00033572134734,1.02200445972497
0.982778815206573,0.909886864180948,0.982778815206573,0.909886864180948
0.906455095534179,0.934580908765765,0.906455095534179,0.934580908765765
1.13710157465453,-0.954125862073247,1.13710157465453,0.954125862073247
1.07432508402497,1.04337872409949,1.07432508402497,1.04337872409949
0.907901708358809,0.841796162058633,0.907901708358809,0.841796162058633
0.881825428572397,0.8701061746761,0.881825428572397,0.8701061746761
-0.986084322676925,1.06525321588388,0.986084322676925,1.06525321588388
-1.01289406988932,0.771798666791945,1.01289406988932,0.771798666791945
-0.877162559058067,0.708433290284936,0.877162559058067,0.708433290284936
-0.868996380409816,-0.82942319164273,0.868996380409816,0.82942319164273
1.02382072439633,0.966250441540281,1.02382072439633,0.966250441540281
0.969431786457058,1.01261334478457,0.969431786457058,1.01261334478457
-0.98176265085581,0.938161100714846,0.98176265085581,0.938161100714846
1.12759681481954,0.865571564864715,1.12759681481954,0.865571564864715
-0.99700211198316,-0.824612998652882,0.99700211198316,0.824612998652882
-1.29235702327944,-1.00042247201214,1.29235702327944,1.00042247201214
0.893498340390555,-0.993470116652521,0.893498340390555,0.993470116652521
0.842159497620341,0.828421775711876,0.842159497620341,0.828421775711876
0.922765048194608,0.797262263361959,0.922765048194608,0.797262263361959
-0.963433949563737,0.982782135037051,0.963433949563737,0.982782135037051
0.798503744657988,-0.756977907315154,0.798503744657988,0.756977907315154
0.961053212796951,0.864864679742807,0.961053212796951,0.864864679742807
0.81690122633983,1.23030409387858,0.81690122633983,1.23030409387858
-0.719495858822909,1.03557203975242,0.719495858822909,1.03557203975242
-0.732533695988439,-0.793348139963899,0.732533695988439,0.793348139963899
-0.800052058091402,0.88783065270865,0.800052058091402,0.88783065270865
-0.91545486073386,-0.976751038909104,0.91545486073386,0.976751038909104
-1.12944827969972,0.989138989555746,1.12944827969972,0.989138989555746
1.10919388575171,1.08798869423295,1.10919388575171,1.08798869423295
-1.02300111054965,0.97902997621241,1.02300111054965,0.97902997621241
0.771554286680046,-0.881088631934741,0.771554286680046,0.881088631934741
-0.93506775084734,1.17458411326253,0.93506775084734,1.17458411326253
-1.07916406244976,1.00018497175903,1.07916406244976,1.00018497175903
-1.02049758425332,0.784712936185974,1.02049758425332,0.784712936185974
-0.885114893042319,-0.971905055279268,0.885114893042319,0.971905055279268
-0.880277798531166,0.985634622081411,0.880277798531166,0.985634622081411
-0.975201009972144,1.00440877280378,0.975201009972144,1.00440877280378
-0.904546989404577,0.942638156334759,0.904546989404577,0.942638156334759
0.975843779546992,0.765984128581497,0.975843779546992,0.765984128581497
-1.10442958000224,0.854808587657966,1.10442958000224,0.854808587657966
-1.18906163593304,0.779040713120513,1.18906163593304,0.779040713120513
-1.12087717139169,1.00343968603752,1.12087717139169,1.00343968603752
-0.831185998973732,0.803045282483339,0.831185998973732,0.803045282483339
-0.72300967777475,-0.845688254733617,0.72300967777475,0.845688254733617
-0.741856657637573,-0.950046512970936,0.741856657637573,0.950046512970936
-0.835487320389868,1.10251246340267,0.835487320389868,1.10251246340267
1.05540251218798,1.11539729869811,1.05540251218798,1.11539729869811
1.02857840772441,0.975820819711624,1.02857840772441,0.975820819711624
-0.832568917830723,-0.854832858641852,0.832568917830723,0.854832858641852
-0.828409859261591,0.865039341502902,0.828409859261591,0.865039341502902
-0.814858731742108,-0.839883922949905,0.814858731742108,0.839883922949905
-0.933709031131905,-0.849277768349213,0.933709031131905,0.849277768349213
-1.12446094347364,1.28123525018698,1.12446094347364,1.28123525018698
-1.03207623461272,1.0504873021852,1.03207623461272,1.0504873021852
-0.714354641978452,0.975028630896894,0.714354641978452,0.975028630896894
-0.749649486410256,-1.15919896133828,0.749649486410256,1.15919896133828
-0.851291546603945,1.03728137757907,0.851291546603945,1.03728137757907
-0.882168594042491,0.867267758504396,0.882168594042491,0.867267758504396
-0.893044604795796,-1.07920051339598,0.893044604795796,1.07920051339598
-0.900913590274385,-0.744342877858189,0.900913590274385,0.744342877858189
-0.784113167413557,-0.900253761592204,0.784113167413557,0.900253761592204
-0.718291755669011,-1.10284908594852,0.718291755669011,1.10284908594852
-1.00183051235193,1.00580638331335,1.00183051235193,1.00580638331335
-0.663546168027724,0.869731458076919,0.663546168027724,0.869731458076919
-0.831688916428938,-0.768181807764152,0.831688916428938,0.768181807764152
1.10194674031154,0.882423758421349,1.10194674031154,0.882423758421349
1.15681425028547,-1.03057016256044,1.15681425028547,1.03057016256044
-0.893877146262259,-0.789079543138656,0.893877146262259,0.789079543138656
-0.842227771023691,-0.94341062719856,0.842227771023691,0.94341062719856
-0.84140311976824,-1.03853323721688,0.84140311976824,1.03853323721688
-1.03306195675641,0.819745066276414,1.03306195675641,0.819745066276414
0.691890901393625,0.848296995674894,0.691890901393625,0.848296995674894
0.808084014983463,1.20318083377231,0.808084014983463,1.20318083377231
0.850668004841843,-1.02634266169964,0.850668004841843,1.02634266169964
0.868197837100822,-1.01025446437034,0.868197837100822,1.01025446437034
0.970853801760924,0.992211980730731,0.970853801760924,0.992211980730731
0.949485760612816,-0.952249606454985,0.949485760612816,0.952249606454985
-0.977279364824156,0.918332616581882,0.977279364824156,0.918332616581882
-1.10344784196582,0.889183374948384,1.10344784196582,0.889183374948384
0.943812885991922,-1.06797295035933,0.943812885991922,1.06797295035933
0.885670178294332,-1.08652970812653,0.885670178294332,1.08652970812653
0.770302665030606,-1.04290725346319,0.770302665030606,1.04290725346319
-0.954359338661768,-0.914950710317681,0.954359338661768,0.914950710317681
0.877003614572934,-0.974588339078694,0.877003614572934,0.974588339078694
0.718431912631188,-0.856688245255077,0.718431912631188,0.856688245255077
0.816777219034658,-0.84630704665794,0.816777219034658,0.84630704665794
0.972012638725867,-1.02314202280889,0.972012638725867,1.02314202280889
1.03828543982305,-0.920319131014797,1.03828543982305,0.920319131014797
-0.845734738970943,0.943108979959952,0.845734738970943,0.943108979959952
-0.977038187398332,0.878837510251745,0.977038187398332,0.878837510251745
-0.899008783983036,-0.937292163645239,0.899008783983036,0.937292163645239
1.0082285386024,0.762665704581347,1.0082285386024,0.762665704581347
1.01476214430031,0.843379964767068,1.01476214430031,0.843379964767068
-0.950624732281353,1.12350535915887,0.950624732281353,1.12350535915887
-1.00908004066636,0.833068633492941,1.00908004066636,0.833068633492941
-1.05349807149935,-0.921576577838832,1.05349807149935,0.921576577838832
-0.850456627423639,-0.838780976632033,0.850456627423639,0.838780976632033
-1.02002178339013,-0.990952229616528,1.02002178339013,0.990952229616528
-0.769853233116599,-0.982166472491715,0.769853233116599,0.982166472491715
-0.976863452758407,0.981073179004769,0.976863452758407,0.981073179004769
-1.04821029899361,-0.744085353370671,1.04821029899361,0.744085353370671
-0.986412986972111,-0.823962614519926,0.986412986972111,0.823962614519926
1.0266328773,-0.953161647601736,1.0266328773,0.953161647601736
-0.729937510734278,-0.697936128037966,0.729937510734278,0.697936128037966
-0.895270828669416,0.99633852838412,0.895270828669416,0.99633852838412
-0.941962684215226,1.0579110242815,0.941962684215226,1.0579110242815
-0.728204803479911,-0.684737425139753,0.728204803479911,0.684737425139753
-0.738884916880334,-0.818584116036406,0.738884916880334,0.818584116036406
-0.689890201050388,0.976051768824669,0.689890201050388,0.976051768824669
-0.907065980681647,0.907557786123382,0.907065980681647,0.907557786123382
-0.591325485866332,-0.977982501984282,0.591325485866332,0.977982501984282
-0.937470717160304,-0.759648145935431,0.937470717160304,0.759648145935431
0.898709146437829,-0.683619310104003,0.898709146437829,0.683619310104003
-0.84347814194895,0.977670537735742,0.84347814194895,0.977670537735742
0.716562352206818,1.06371855617612,0.716562352206818,1.06371855617612
-1.15333821678743,1.02218742864977,1.15333821678743,1.02218742864977
-0.980404249766305,-1.11423154271199,0.980404249766305,1.11423154271199
1.09602432107577,-0.984229474608789,1.09602432107577,0.984229474608789
-0.881087473966928,-0.98453690450528,0.881087473966928,0.98453690450528
-1.04380271066764,0.856115158642745,1.04380271066764,0.856115158642745
-0.860998990509274,0.988547818864734,0.860998990509274,0.988547818864734
0.865328231874763,-1.01663757727183,0.865328231874763,1.01663757727183
-0.893234889538114,1.11745560861375,0.893234889538114,1.11745560861375
-0.674762315485951,1.01140279494204,0.674762315485951,1.01140279494204
-1.00976339182811,-0.95777796643188,1.00976339182811,0.95777796643188
-0.898800631814446,1.01414928110495,0.898800631814446,1.01414928110495
-0.916334475702704,1.09605078039105,0.916334475702704,1.09605078039105
-0.868972705631708,1.0044734161994,0.868972705631708,1.0044734161994
0.942669295781759,1.14317601544791,0.942669295781759,1.14317601544791
0.90376856994257,1.11547020233454,0.90376856994257,1.11547020233454
1.17421210995805,1.06470619381491,1.17421210995805,1.06470619381491
-1.09539629627765,0.740742863792322,1.09539629627765,0.740742863792322
0.890404739469947,0.660212159899322,0.890404739469947,0.660212159899322
0.975573847697568,0.80647455862257,0.975573847697568,0.80647455862257
0.970718136037416,0.809020070232617,0.970718136037416,0.809020070232617
-0.862294370380852,0.993458396807739,0.862294370380852,0.993458396807739
-0.901220970383032,0.944153322242972,0.901220970383032,0.944153322242972
-1.00726387821469,-1.05937603070145,1.00726387821469,1.05937603070145
-0.819355651433492,-0.95934992314806,0.819355651433492,0.95934992314806
-0.827825788725809,-1.08901430987978,0.827825788725809,1.08901430987978
-0.974534894318541,-0.982698632976965,0.974534894318541,0.982698632976965
-0.961225702528208,-0.973138057603031,0.961225702528208,0.973138057603031
-0.88793371174284,-1.19152397019626,0.88793371174284,1.19152397019626
-0.888093406668728,-1.07281868981818,0.888093406668728,1.07281868981818
1.03104867280049,-1.01299468472789,1.03104867280049,1.01299468472789
-0.994199867346982,-0.933103914520399,0.994199867346982,0.933103914520399
0.818983932980367,-0.979579929424543,0.818983932980367,0.979579929424543
-1.11708092044353,-0.841335607887061,1.11708092044353,0.841335607887061
-1.1381746903395,-0.897208629864193,1.1381746903395,0.897208629864193
-0.819417415121115,0.794156247502914,0.819417415121115,0.794156247502914
-1.07156700952769,0.886593672645505,1.07156700952769,0.886593672645505
-0.972952330524252,-0.773720921165995,0.972952330524252,0.773720921165995
-1.073270772808,0.946342834706496,1.073270772808,0.946342834706496
-1.02095090039214,1.05834635376546,1.02095090039214,1.05834635376546
-1.01779452846467,1.13256324774782,1.01779452846467,1.13256324774782
-1.09186646305527,1.03625385454556,1.09186646305527,1.03625385454556
-1.18237813488352,0.842919663561437,1.18237813488352,0.842919663561437
-0.956686457786873,-0.757895582050598,0.956686457786873,0.757895582050598
-1.00991746889101,0.998401360530207,1.00991746889101,0.998401360530207
-0.92545239178603,0.978253405172114,0.92545239178603,0.978253405172114
0.943883914262651,0.960390518051966,0.943883914262651,0.960390518051966
-0.896167576810708,-0.97477811749849,0.896167576810708,0.97477811749849
-0.932933953096197,-1.07156630483526,0.932933953096197,1.07156630483526
-0.915962669333217,-1.01473078907531,0.915962669333217,1.01473078907531
0.891422148624387,0.881618963871089,0.891422148624387,0.881618963871089
0.809033577856378,0.937315160125596,0.809033577856378,0.937315160125596
0.824435161463912,0.797559145281907,0.824435161463912,0.797559145281907
-0.991270103601857,0.8666934248729,0.991270103601857,0.8666934248729
0.998838938995658,0.940145487010011,0.998838938995658,0.940145487010011
-1.11338541034819,1.0297618630873,1.11338541034819,1.0297618630873
-1.02539560354378,-0.909924223656795,1.02539560354378,0.909924223656795
-0.771986951143899,-0.874140429856605,0.771986951143899,0.874140429856605
-1.06140236848935,-1.1713042965131,1.06140236848935,1.1713042965131
0.769226238235225,-0.928146750425708,0.769226238235225,0.928146750425708
-0.900500081005977,-1.09008893763025,0.900500081005977,1.09008893763025
0.914133149956546,-0.903765446970827,0.914133149956546,0.903765446970827
-0.873068472396402,0.969724322357257,0.873068472396402,0.969724322357257
0.982307848231656,0.802055818412958,0.982307848231656,0.802055818412958
-0.720928815478,-1.05019845937392,0.720928815478,1.05019845937392
1.27330871215398,0.913275791163157,1.27330871215398,0.913275791163157
-1.00194171433176,0.879662954497792,1.00194171433176,0.879662954497792
-0.623900375143143,1.01108108192502,0.623900375143143,1.01108108192502
-0.918999447962481,0.719280049898809,0.918999447962481,0.719280049898809
-0.596214575239709,0.97090119116034,0.596214575239709,0.97090119116034
-0.83709503918519,1.0601408848638,0.83709503918519,1.0601408848638
-1.09212161978237,-0.974116578485132,1.09212161978237,0.974116578485132
-0.863815274457462,0.744768340339845,0.863815274457462,0.744768340339845
-1.10525500716152,0.84682167551501,1.10525500716152,0.84682167551501
-1.10403236276226,1.0519762272895,1.10403236276226,1.0519762272895
-1.14238853431601,0.859352964123697,1.14238853431601,0.859352964123697
0.82262481050767,0.818602472507894,0.82262481050767,0.818602472507894
0.924655846129421,0.961096973592148,0.924655846129421,0.961096973592148
0.896931018383235,0.989923176580429,0.896931018383235,0.989923176580429
0.735439915698854,1.06020666382666,0.735439915698854,1.06020666382666
-1.11747912431643,0.824912989477081,1.11747912431643,0.824912989477081
-0.940361086437767,0.773957813586573,0.940361086437767,0.773957813586573
-1.04592788843635,0.614804807026726,1.04592788843635,0.614804807026726
-0.91635047720868,-0.936581188456221,0.91635047720868,0.936581188456221
-0.792373113778256,-0.643734757720426,0.792373113778256,0.643734757720426
-0.971894353404385,-0.912983623718029,0.971894353404385,0.912983623718029
-0.955110440240123,0.953538158990759,0.955110440240123,0.953538158990759
-0.745367745062951,-1.00424727363244,0.745367745062951,1.00424727363244
-0.758610238975933,0.929084049514028,0.758610238975933,0.929084049514028
-0.937427878726331,-0.859839984964254,0.937427878726331,0.859839984964254
-0.68287284224356,-0.878853808425804,0.68287284224356,0.878853808425804
-0.948618834656573,-0.889151370803687,0.948618834656573,0.889151370803687
0.799063324416616,-0.782001708933333,0.799063324416616,0.782001708933333
-0.846302924894621,-0.988003270474827,0.846302924894621,0.988003270474827
-0.895712278737374,0.845780523485273,0.895712278737374,0.845780523485273
-0.790724003237444,0.749161961002422,0.790724003237444,0.749161961002422
-1.04087213276112,-1.17688227960711,1.04087213276112,1.17688227960711
-0.831047074832916,0.850365343718648,0.831047074832916,0.850365343718648
1.1966000795771,0.991755660152809,1.1966000795771,0.991755660152809
-1.03121374418285,0.822618131885946,1.03121374418285,0.822618131885946
-0.905754890886634,0.932668580828888,0.905754890886634,0.932668580828888
-0.966597078219032,0.833251559513781,0.966597078219032,0.833251559513781
-0.976324193059234,-1.31180678153948,0.976324193059234,1.31180678153948
-0.86968000229244,1.00093784688301,0.86968000229244,1.00093784688301
-0.85005618616533,-1.01485188648235,0.85005618616533,1.01485188648235
-0.80511889277485,-1.09410298694504,0.80511889277485,1.09410298694504
-0.872061473529805,-0.749173744553753,0.872061473529805,0.749173744553753
-1.00510042868471,-0.83292765249844,1.00510042868471,0.83292765249844
-0.961882683518976,0.772301067771511,0.961882683518976,0.772301067771511
-0.878301914848163,-1.04047802729588,0.878301914848163,1.04047802729588
-0.805137707275418,-1.02251031882785,0.805137707275418,1.02251031882785
-0.891430471177367,0.949128183950468,0.891430471177367,0.949128183950468
1.07163350506092,0.810484828708996,1.07163350506092,0.810484828708996
1.07138924014356,0.8625386123453,1.07138924014356,0.8625386123453
-0.85990586681181,-1.13294024395546,0.85990586681181,1.13294024395546
-1.01784319901429,-1.16313800116292,1.01784319901429,1.16313800116292
0.913834330320058,-0.913436050090282,0.913834330320058,0.913436050090282
0.953468198605473,-1.01474268966475,0.953468198605473,1.01474268966475
0.929837271588384,-0.872774643839084,0.929837271588384,0.872774643839084
1.00473898000126,0.819293635870745,1.00473898000126,0.819293635870745
1.02279538614336,-0.875056318190045,1.02279538614336,0.875056318190045
-1.25906090241381,-1.04160910089938,1.25906090241381,1.04160910089938
-0.869523394108938,1.09437812036612,0.869523394108938,1.09437812036612
-1.14664723059402,1.04346314676015,1.14664723059402,1.04346314676015
-0.877355554583055,-1.0225320711484,0.877355554583055,1.0225320711484
-0.973758482202573,1.00115313155937,0.973758482202573,1.00115313155937
-0.817036148090342,1.06033910348761,0.817036148090342,1.06033910348761
0.797969610754482,1.13293669588659,0.797969610754482,1.13293669588659
-0.813007963836415,0.945242786644533,0.813007963836415,0.945242786644533
0.953349126977622,0.964262804743903,0.953349126977622,0.964262804743903
0.862979495079413,1.0244153954083,0.862979495079413,1.0244153954083
0.695203452245175,-0.960293599961929,0.695203452245175,0.960293599961929
0.840980023313052,0.809418962564101,0.840980023313052,0.809418962564101
1.02025805180349,-0.92398715690045,1.02025805180349,0.92398715690045
-1.09202944198495,-0.856249267347094,1.09202944198495,0.856249267347094
0.693553679482942,-0.810599966882751,0.693553679482942,0.810599966882751
0.81296318600727,-0.921129296066671,0.81296318600727,0.921129296066671
0.994386175568092,0.890032690157012,0.994386175568092,0.890032690157012
1.03520033558669,1.04070405265326,1.03520033558669,1.04070405265326
-1.25839023248527,-1.10739411621771,1.25839023248527,1.10739411621771
0.963514642126604,-1.22334366865163,0.963514642126604,1.22334366865163
0.815296271563183,-1.21976118607787,0.815296271563183,1.21976118607787
-1.12327821935804,-1.10164835303519,1.12327821935804,1.10164835303519
-0.859226880341903,-1.16230169944514,0.859226880341903,1.16230169944514
-0.812637259087837,-0.969607917712522,0.812637259087837,0.969607917712522
-1.06522342864026,-0.917036338833569,1.06522342864026,0.917036338833569
-1.03281737648473,-1.03005584504589,1.03281737648473,1.03005584504589
-0.894311094044535,1.00106084113933,0.894311094044535,1.00106084113933
-0.800821625257898,-1.04797463548582,0.800821625257898,1.04797463548582
-0.895742193940904,1.05909020227185,0.895742193940904,1.05909020227185
-0.855071273420305,0.836258069580346,0.855071273420305,0.836258069580346
-1.02012020262097,0.935060686454575,1.02012020262097,0.935060686454575
0.780607470534588,-0.976492349399632,0.780607470534588,0.976492349399632
0.814981130483606,0.720616084605683,0.814981130483606,0.720616084605683
0.742024474505952,0.863555113365974,0.742024474505952,0.863555113365974
-0.921741462956005,-1.06931671993027,0.921741462956005,1.06931671993027
-1.09988860222287,-1.22142998208668,1.09988860222287,1.22142998208668
-0.850265368784145,0.935312698215679,0.850265368784145,0.935312698215679
0.707897233932927,1.01900284639746,0.707897233932927,1.01900284639746
0.83042866434244,-1.0973471066022,0.83042866434244,1.0973471066022
-1.22393815106962,-1.03725824119205,1.22393815106962,1.03725824119205
-0.905903320788828,-0.892559931505869,0.905903320788828,0.892559931505869
-0.948840433358891,-0.842629940517549,0.948840433358891,0.842629940517549
-0.872458747819051,0.883377469877816,0.872458747819051,0.883377469877816
-0.831214760238556,0.778962211820937,0.831214760238556,0.778962211820937
0.846420599478612,-0.698568743126833,0.846420599478612,0.698568743126833
0.707251796003497,-0.962996027743352,0.707251796003497,0.962996027743352
-0.966711597888574,-0.820293113897881,0.966711597888574,0.820293113897881
-0.855258083250037,-0.911322638710308,0.855258083250037,0.911322638710308
-1.04040020676289,-0.893161034449735,1.04040020676289,0.893161034449735
-1.10026621857766,0.894481444802979,1.10026621857766,0.894481444802979
-0.981905255736973,0.943156985305319,0.981905255736973,0.943156985305319
-0.868776874251095,1.00444162844256,0.868776874251095,1.00444162844256
-0.837817022522844,1.04923604984988,0.837817022522844,1.04923604984988
-0.808006492797746,0.849731428937413,0.808006492797746,0.849731428937413
-0.752946245545901,0.893364868862359,0.752946245545901,0.893364868862359
-0.852035082622531,0.840837939652332,0.852035082622531,0.840837939652332
-0.966509441607541,1.13321679004009,0.966509441607541,1.13321679004009
0.820364915473516,-0.902560055349651,0.820364915473516,0.902560055349651
-1.13672336267543,-1.01778152622374,1.13672336267543,1.01778152622374
1.0455035093673,-1.03918773571729,1.0455035093673,1.03918773571729
-1.09184951172909,-1.3269752525092,1.09184951172909,1.3269752525092
-1.05615487971679,-1.04006009643544,1.05615487971679,1.04006009643544
-0.945285989000119,-0.88620555881606,0.945285989000119,0.88620555881606
-1.10515455099571,-0.847726189834427,1.10515455099571,0.847726189834427
-0.939693479536474,-0.792149031762729,0.939693479536474,0.792149031762729
-0.896892052242652,-0.880470927019522,0.896892052242652,0.880470927019522
-1.03619472548393,1.15308638180901,1.03619472548393,1.15308638180901
0.968007543207376,1.23312960945168,0.968007543207376,1.23312960945168
-0.985288177300877,1.28965001246117,0.985288177300877,1.28965001246117
1.03598357830729,-0.881020613986937,1.03598357830729,0.881020613986937
-0.938493608181448,-0.774320252010829,0.938493608181448,0.774320252010829
-1.11684797832913,0.973304538578563,1.11684797832913,0.973304538578563
1.11073809948012,0.95465514171594,1.11073809948012,0.95465514171594
1.01014879600731,0.953523174135725,1.01014879600731,0.953523174135725
1.29024869876576,-0.920255608548507,1.29024869876576,0.920255608548507
1.01177372227646,0.792707487128233,1.01177372227646,0.792707487128233
-0.89643838492053,0.947041183934589,0.89643838492053,0.947041183934589
-1.16919225685975,0.901026830867481,1.16919225685975,0.901026830867481
-1.00717185665984,0.974422146279643,1.00717185665984,0.974422146279643
-0.788634542181456,0.81588201469145,0.788634542181456,0.81588201469145
-1.02411314936417,1.11796875403024,1.02411314936417,1.11796875403024
-0.909881870238271,0.943903900523766,0.909881870238271,0.943903900523766
-0.764187257486322,1.14011551287194,0.764187257486322,1.14011551287194
-0.686386989770251,-0.974977168491423,0.686386989770251,0.974977168491423
-0.955234038192799,-1.02942365106479,0.955234038192799,1.02942365106479
-0.912338416710027,0.929599816987453,0.912338416710027,0.929599816987453
-0.73133715750579,0.874586673352909,0.73133715750579,0.874586673352909
1.01861349236905,-1.11616452331009,1.01861349236905,1.11616452331009
-0.896915500325005,-1.0689857235806,0.896915500325005,1.0689857235806
-0.95920528794704,-0.990398439391847,0.95920528794704,0.990398439391847
-0.97277527970158,0.7813753022443,0.97277527970158,0.7813753022443
-0.986912704751939,0.830020275532507,0.986912704751939,0.830020275532507
-1.08393902243837,0.773059077793312,1.08393902243837,0.773059077793312
1.09413819730597,0.715990518522978,1.09413819730597,0.715990518522978
0.913728964947665,0.861324197035348,0.913728964947665,0.861324197035348
0.664853875421619,-0.782942866537513,0.664853875421619,0.782942866537513
-0.901267049268762,-0.80737874032627,0.901267049268762,0.80737874032627
1.17530442062674,0.97210873564487,1.17530442062674,0.97210873564487
-0.939302570117028,-0.778378041861357,0.939302570117028,0.778378041861357
-0.890326055250923,-0.655071494677893,0.890326055250923,0.655071494677893
-1.14400745093311,-1.06585211844823,1.14400745093311,1.06585211844823
1.15110544560226,-0.998184108551733,1.15110544560226,0.998184108551733
1.133270302569,-0.774268844701329,1.133270302569,0.774268844701329
